match_id,radiant_win,duration,radiant_gold,dire_gold,radiant_gold_div,radiant_xp,dire_xp,radiant_xp_div,radiant_wards,dire_wards,radiant_wards_div,radiant_towers_destroyed,dire_towers_destroyed,radiant_towers_destroyed_div,radiant_first_blood
8796335304,False,1486,13428,15704,-2276,14870,17924,-3054,9,12,-3,0,0,0,1
8796335215,False,2541,14472,16214,-1742,15255,18410,-3155,15,15,0,0,0,0,0
8796335084,False,2561,14672,16729,-2057,14507,17167,-2660,14,10,4,0,0,0,0
8796335080,True,2036,15254,13468,1786,16628,15023,1605,13,12,1,0,0,0,1
8796334864,False,2597,13359,15592,-2233,15055,15697,-642,13,13,0,0,1,-1,0
8796334664,False,2175,13182,14878,-1696,15551,16196,-645,14,11,3,0,0,0,1
8796334569,True,2020,16881,15190,1691,17676,15424,2252,10,14,-4,0,0,0,0
8796334529,True,1976,14402,15710,-1308,15066,17728,-2662,12,11,1,1,1,0,1
8796334290,True,1982,17783,13837,3946,17095,14988,2107,8,6,2,2,0,2,1
8796334261,True,2301,16109,15781,328,16934,15898,1036,13,17,-4,0,0,0,1
8796334260,False,2730,16336,16146,190,16131,15920,211,9,12,-3,1,0,1,0
8796334112,False,3790,14300,14439,-139,15984,15075,909,14,12,2,0,0,0,1
8796334074,True,3826,16415,15189,1226,16618,17223,-605,10,7,3,1,0,1,1
8796334029,True,2102,18033,14733,3300,19172,16667,2505,15,10,5,1,0,1,0
8796333920,True,2532,15625,14064,1561,16245,15016,1229,10,6,4,0,0,0,1
8796333820,True,1355,16905,13267,3638,16963,14421,2542,13,13,0,3,0,3,1
8796333706,False,2338,14846,15003,-157,15249,16325,-1076,11,8,3,1,0,1,0
8796333615,False,2393,13863,16169,-2306,15093,16739,-1646,13,11,2,1,1,0,0
8796333347,False,2962,13911,12728,1183,14216,14813,-597,11,10,1,0,0,0,0
8796333267,True,3050,15762,14187,1575,17588,15602,1986,7,11,-4,0,0,0,0
8796332972,False,2067,12628,16308,-3680,13676,16985,-3309,13,12,1,0,1,-1,1
8796332701,True,1635,15756,12241,3515,17038,13900,3138,10,10,0,0,0,0,0
8796332652,True,3120,15310,14823,487,15411,15564,-153,6,9,-3,1,0,1,1
8796332404,True,2610,16937,14833,2104,17335,16177,1158,15,13,2,0,0,0,0
8796332354,True,1810,16822,15444,1378,16810,16024,786,13,14,-1,0,0,0,0
8796332321,True,2577,16973,14922,2051,17370,14315,3055,13,11,2,0,0,0,0
8796332205,True,2724,12892,14760,-1868,14429,16053,-1624,14,11,3,0,0,0,0
8796331971,False,2594,13962,15249,-1287,15358,16478,-1120,14,8,6,0,1,-1,0
8796331752,False,1941,12369,17515,-5146,13726,17555,-3829,10,12,-2,0,0,0,0
8796331590,False,1700,13709,14753,-1044,14456,15187,-731,9,10,-1,0,0,0,1
8796331443,False,1988,17880,14659,3221,18593,15783,2810,12,12,0,1,0,1,1
8796331374,True,2148,12510,16446,-3936,13741,16375,-2634,10,6,4,0,1,-1,0
8796331145,True,2355,14740,13445,1295,15858,14603,1255,13,7,6,0,0,0,1
8796331038,False,2292,15199,15515,-316,15346,16320,-974,9,10,-1,0,0,0,0
8796330821,True,3388,17064,17079,-15,19007,18194,813,9,10,-1,0,0,0,0
8796330770,True,2126,15814,15980,-166,16488,16265,223,9,12,-3,0,0,0,0
8796330742,True,1540,16879,14375,2504,17421,15893,1528,8,8,0,1,0,1,0
8796330688,True,2308,13006,15135,-2129,14170,16311,-2141,10,6,4,0,0,0,0
8796330365,False,1999,16343,17833,-1490,16307,19326,-3019,11,9,2,0,1,-1,0
8796330328,True,1812,14663,14961,-298,15949,15772,177,10,11,-1,0,0,0,1
8796330105,True,3151,15849,14255,1594,18092,16474,1618,13,8,5,0,0,0,1
8796330084,True,2101,16116,14678,1438,18080,14671,3409,11,15,-4,0,0,0,1
8796330054,True,2261,13783,14184,-401,15507,15771,-264,12,16,-4,0,0,0,0
8796330009,False,2372,13895,17075,-3180,14961,17321,-2360,9,11,-2,0,1,-1,0
8796329869,True,2476,15105,15939,-834,16098,17051,-953,12,12,0,0,0,0,0
8796329539,True,1514,15617,13382,2235,16695,14733,1962,10,13,-3,0,0,0,0
8796329373,True,1795,14307,13338,969,14784,14318,466,9,9,0,1,0,1,0
8796329287,True,2386,16218,15015,1203,17026,13703,3323,11,9,2,0,0,0,0
8796329174,True,1590,18240,14801,3439,18184,16363,1821,10,12,-2,1,0,1,1
8796329103,False,1509,11209,17054,-5845,13065,16712,-3647,10,11,-1,0,0,0,0
8796328960,True,1921,17995,15922,2073,19101,16518,2583,11,10,1,1,0,1,0
8796328674,False,3323,16179,13015,3164,18000,14283,3717,14,9,5,0,0,0,1
8796328624,True,2598,16544,17543,-999,16488,17067,-579,14,12,2,1,0,1,1
8796328622,True,1938,13354,15969,-2615,16034,16736,-702,11,11,0,0,0,0,1
8796328608,True,2385,16780,14113,2667,17816,14995,2821,14,10,4,1,0,1,1
8796328465,True,2534,15699,12701,2998,17973,13923,4050,13,12,1,0,0,0,1
8796328428,False,3117,14784,13643,1141,16537,15008,1529,9,12,-3,0,0,0,0
8796328415,True,1863,17549,14450,3099,18870,15396,3474,11,13,-2,0,0,0,1
8796328374,False,2390,16997,14983,2014,18133,16773,1360,12,13,-1,0,0,0,1
8796328151,True,3097,16040,14900,1140,16771,15585,1186,14,12,2,0,0,0,1
8796328131,False,3065,17031,12392,4639,18939,14143,4796,12,12,0,0,0,0,1
8796328024,False,2375,15159,15296,-137,16071,16025,46,11,9,2,0,1,-1,1
8796328006,False,2036,14034,17589,-3555,15120,17558,-2438,13,9,4,0,1,-1,1
8796327987,True,1615,16141,13952,2189,15919,14429,1490,11,8,3,0,0,0,1
8796327832,True,2255,15353,13415,1938,15585,13568,2017,8,10,-2,2,0,2,0
8796327691,False,2040,15006,16991,-1985,16124,17019,-895,13,6,7,1,1,0,1
8796327261,False,2295,16050,13874,2176,17025,14395,2630,10,10,0,0,0,0,0
8796326907,False,2441,15031,17946,-2915,16085,18896,-2811,13,13,0,0,1,-1,1
8796326803,False,1803,12612,17659,-5047,14377,17659,-3282,14,10,4,0,1,-1,0
8796326791,True,2670,14190,13670,520,15490,16233,-743,14,14,0,0,0,0,1
8796326666,False,2491,13944,14631,-687,14939,15960,-1021,13,11,2,0,0,0,1
8796326573,False,3273,13785,15529,-1744,15002,16374,-1372,12,9,3,0,0,0,1
8796326461,False,2913,15146,16394,-1248,16462,17424,-962,12,12,0,0,0,0,0
8796326442,False,1306,15857,19435,-3578,15699,20345,-4646,12,9,3,0,0,0,0
8796326365,False,1759,12091,16880,-4789,13518,18035,-4517,13,10,3,0,0,0,1
8796326359,False,2227,14472,15013,-541,15875,15558,317,8,11,-3,0,0,0,1
8796326217,True,2426,15673,16015,-342,16720,16249,471,13,12,1,0,1,-1,0
8796326033,False,1573,14915,17331,-2416,15878,19289,-3411,9,12,-3,0,0,0,1
8796325984,True,2592,17797,15465,2332,16825,16044,781,14,11,3,0,0,0,1
8796325675,True,2834,15237,14302,935,16085,15091,994,11,12,-1,0,0,0,1
8796325262,False,2242,16211,17224,-1013,15080,16386,-1306,11,17,-6,1,1,0,0
8796325172,True,1899,16708,13128,3580,16919,14522,2397,12,14,-2,1,0,1,1
8796325166,True,2828,15390,18109,-2719,14486,18057,-3571,10,11,-1,0,1,-1,0
8796325151,True,2047,14126,13660,466,16166,14289,1877,9,11,-2,0,0,0,0
8796324923,True,1834,14721,14367,354,15121,15349,-228,11,11,0,0,1,-1,1
8796324839,False,2561,17909,13854,4055,18417,15514,2903,12,12,0,1,0,1,1
8796324835,False,1953,13632,15871,-2239,13771,17652,-3881,14,11,3,0,1,-1,0
8796324356,True,2355,15676,16263,-587,16536,17941,-1405,11,11,0,0,0,0,0
8796324216,False,2582,14541,17388,-2847,15247,18441,-3194,8,6,2,0,0,0,1
8796324118,True,1575,17485,12463,5022,17353,14785,2568,14,6,8,1,0,1,1
8796323905,True,2133,15056,14078,978,16162,14082,2080,12,14,-2,1,0,1,1
8796323870,True,3568,16797,15552,1245,17129,15807,1322,7,9,-2,0,0,0,1
8796323853,True,1998,15147,15001,146,16262,14751,1511,15,11,4,0,0,0,0
8796323685,False,2926,15858,13235,2623,16272,13242,3030,11,12,-1,0,0,0,1
8796323350,True,2269,12835,14277,-1442,13313,14581,-1268,10,11,-1,0,1,-1,0
8796323091,True,2940,15879,14223,1656,17150,16998,152,14,10,4,1,0,1,1
8796322975,False,2294,13269,15180,-1911,14417,15805,-1388,10,9,1,0,0,0,0
8796322941,False,1952,15066,14562,504,16856,16602,254,11,10,1,0,0,0,0
8796322854,False,2428,13979,15681,-1702,14459,16286,-1827,12,9,3,0,0,0,0
8796322607,False,2017,14948,16547,-1599,14616,16734,-2118,11,13,-2,0,0,0,1
8796322555,True,3365,19010,13013,5997,18991,14065,4926,9,13,-4,1,0,1,1
8796322512,True,3013,14024,16999,-2975,14409,17026,-2617,12,8,4,0,0,0,0
8796322436,True,2169,13814,15802,-1988,14788,16116,-1328,15,14,1,0,0,0,0
8796322433,False,2198,14378,14057,321,15312,15066,246,12,13,-1,0,0,0,0
8796322367,True,1509,14255,18139,-3884,16864,19169,-2305,9,9,0,0,0,0,0
8796322253,False,3407,12935,14686,-1751,14087,16256,-2169,10,11,-1,0,1,-1,1
8796321957,True,1738,16598,12782,3816,17581,13878,3703,11,12,-1,1,0,1,1
8796321835,True,2302,14010,15282,-1272,14108,15743,-1635,8,11,-3,1,0,1,0
8796321822,True,2458,18793,12728,6065,19608,15035,4573,9,9,0,1,0,1,1
8796321796,True,3267,15043,13735,1308,16328,14730,1598,15,12,3,0,0,0,1
8796321671,True,2461,15424,14624,800,16346,14708,1638,12,8,4,0,0,0,1
8796321651,True,2328,14529,14099,430,14850,15016,-166,10,8,2,0,0,0,1
8796321587,True,2804,16505,17387,-882,17802,17843,-41,11,13,-2,1,1,0,1
8796321585,True,3123,13348,16283,-2935,14584,18387,-3803,11,14,-3,0,0,0,0
8796321284,False,1882,13723,17782,-4059,13784,18137,-4353,8,10,-2,0,0,0,1
8796321114,True,2162,19417,13911,5506,19255,15209,4046,10,4,6,1,0,1,0
8796321085,False,3075,14941,14169,772,16717,15922,795,7,9,-2,0,0,0,0
8796321017,False,3827,13068,14350,-1282,13448,15364,-1916,14,13,1,0,0,0,1
8796320583,False,2104,17266,14208,3058,18139,15381,2758,10,10,0,1,0,1,0
8796320439,False,1480,11918,17808,-5890,13479,18709,-5230,5,11,-6,0,0,0,1
8796320397,True,1408,17549,15470,2079,18438,15736,2702,15,10,5,0,0,0,0
8796320109,True,2240,14361,14072,289,15367,14688,679,13,12,1,0,0,0,0
8796319903,False,2706,14535,14180,355,15469,14522,947,13,8,5,0,0,0,1
8796319722,False,2779,14380,14751,-371,16121,15584,537,11,10,1,0,0,0,1
8796319600,False,2039,14409,17168,-2759,15086,19334,-4248,9,9,0,0,0,0,1
8796319385,True,1983,17600,14286,3314,19293,16237,3056,8,11,-3,0,0,0,1
8796319285,True,3465,14437,14114,323,14711,14749,-38,11,11,0,0,0,0,1
8796319272,False,2793,15933,13703,2230,17210,15224,1986,11,13,-2,0,0,0,0
8796319126,True,1576,18353,14767,3586,18461,15401,3060,13,13,0,0,0,0,1
8796319027,False,1967,14815,15743,-928,15491,15762,-271,14,8,6,0,1,-1,0
8796318663,False,3177,15276,15732,-456,15138,15342,-204,14,11,3,0,0,0,0
8796318284,False,2665,15633,15259,374,16523,16582,-59,15,12,3,0,0,0,1
8796318223,True,1763,13747,16192,-2445,15895,16960,-1065,12,11,1,0,0,0,0
8796318211,True,2376,15469,14486,983,16460,16196,264,11,14,-3,0,0,0,0
8796318130,True,3820,15147,13701,1446,15697,14613,1084,9,7,2,0,0,0,1
8796318102,False,2071,14609,18413,-3804,15057,20164,-5107,12,9,3,0,1,-1,1
8796318041,False,2509,16090,16936,-846,16097,18785,-2688,7,11,-4,0,1,-1,1
8796318009,False,2416,14858,17627,-2769,17735,19786,-2051,7,9,-2,0,0,0,0
8796317688,True,2052,13500,15309,-1809,13453,17002,-3549,13,11,2,0,0,0,0
8796317447,True,2392,16334,14002,2332,17121,14688,2433,7,9,-2,0,0,0,0
8796317311,True,3354,15117,13527,1590,15793,14978,815,10,12,-2,0,0,0,0
8796317288,False,2417,18140,14950,3190,19211,15452,3759,13,8,5,0,0,0,1
8796317268,False,1679,12316,16659,-4343,13322,16838,-3516,11,12,-1,0,1,-1,0
8796317264,False,2565,16518,14620,1898,16416,15315,1101,11,11,0,0,0,0,1
8796316890,True,1987,19670,12330,7340,18660,13725,4935,10,12,-2,2,0,2,1
8796316834,False,2034,15909,17202,-1293,18196,17963,233,13,10,3,0,0,0,1
8796316595,True,2302,15963,14045,1918,16705,14731,1974,16,12,4,2,0,2,0
8796316357,True,2985,12408,16922,-4514,14212,18246,-4034,11,14,-3,0,0,0,0
8796316134,True,2462,18069,14706,3363,18305,16352,1953,15,11,4,2,0,2,1
8796316111,True,1670,16779,14004,2775,18164,14928,3236,13,7,6,1,0,1,0
8796315871,True,1641,16703,14061,2642,17671,14970,2701,14,12,2,1,0,1,1
8796315862,False,2207,15707,17641,-1934,16823,19465,-2642,13,11,2,0,0,0,1
8796315830,True,2032,15942,15693,249,15803,16513,-710,11,15,-4,0,1,-1,1
8796315797,True,1853,14349,15707,-1358,14954,16253,-1299,14,8,6,1,0,1,1
8796315733,True,1677,15994,14311,1683,17028,14458,2570,13,12,1,0,0,0,1
8796315661,False,2286,16671,16921,-250,17787,16907,880,12,14,-2,0,0,0,1
8796315633,True,1903,15578,14110,1468,17531,16686,845,13,6,7,0,0,0,1
8796315327,False,1669,16001,13328,2673,19049,14182,4867,6,7,-1,0,0,0,0
8796315094,True,1283,16954,13405,3549,18429,14229,4200,14,13,1,1,0,1,1
8796315002,False,2182,12902,16581,-3679,14277,16945,-2668,7,6,1,0,0,0,0
8796314961,True,1520,16590,14286,2304,16526,15181,1345,12,9,3,0,0,0,1
8796314733,True,2000,16126,16478,-352,17674,16510,1164,12,12,0,0,0,0,0
8796314631,False,2520,16583,15010,1573,15813,16513,-700,7,15,-8,1,0,1,1
8796314540,True,2981,15427,15340,87,16685,16042,643,13,12,1,0,0,0,1
8796314462,False,1184,11757,17821,-6064,12491,17206,-4715,8,10,-2,0,1,-1,0
8796314415,True,2473,16111,13704,2407,15830,15048,782,11,12,-1,1,0,1,1
8796314110,True,1772,16012,13178,2834,15803,15558,245,8,9,-1,1,0,1,1
8796314008,False,2497,16323,14729,1594,16218,16145,73,10,9,1,1,0,1,0
8796313833,True,1804,17355,13278,4077,17548,14659,2889,15,12,3,0,0,0,1
8796313816,False,2131,12951,13998,-1047,14812,14844,-32,13,11,2,0,1,-1,0
8796313759,False,1648,11813,15857,-4044,13257,17324,-4067,12,11,1,0,0,0,1
8796313701,True,2805,17762,14169,3593,17538,15003,2535,10,12,-2,0,0,0,0
8796313653,True,1412,16705,13748,2957,17675,14822,2853,15,15,0,0,0,0,0
8796313634,True,2948,14228,13474,754,17160,15922,1238,14,11,3,0,0,0,0
8796313395,False,2674,15886,15899,-13,16915,17130,-215,12,12,0,0,0,0,0
8796313154,False,1848,15969,15313,656,17182,16849,333,13,11,2,0,0,0,0
8796313091,False,2456,12778,16662,-3884,14480,17358,-2878,8,5,3,0,0,0,0
8796313039,True,2516,16604,14346,2258,18013,16810,1203,12,9,3,0,0,0,1
8796312975,True,3739,13371,15531,-2160,15885,16815,-930,10,12,-2,0,1,-1,0
8796312805,True,2951,14227,14303,-76,13965,15852,-1887,7,12,-5,0,0,0,1
8796312727,False,3391,14652,16198,-1546,15311,16715,-1404,9,11,-2,0,1,-1,0
8796312684,True,2399,15300,12162,3138,16448,13377,3071,11,8,3,0,0,0,1
8796312651,False,2234,16589,15436,1153,18085,15688,2397,5,8,-3,0,0,0,0
8796312646,False,1808,14651,17603,-2952,15384,17394,-2010,15,11,4,0,0,0,1
8796312578,True,1920,17632,14915,2717,16750,15433,1317,11,9,2,1,0,1,0
8796312556,True,2028,16133,14250,1883,18119,16045,2074,13,9,4,0,0,0,1
8796312531,True,1984,15433,14641,792,16855,16048,807,9,10,-1,0,0,0,1
8796312438,True,2142,16624,14990,1634,15757,15558,199,12,7,5,1,1,0,1
8796312163,True,1663,18023,16509,1514,18063,19182,-1119,10,9,1,1,0,1,0
8796311962,True,1705,16097,14707,1390,15678,16214,-536,9,7,2,0,0,0,0
8796311573,True,1925,15509,15220,289,17721,17886,-165,11,7,4,0,0,0,0
8796311423,True,1829,17539,15025,2514,17872,15836,2036,11,15,-4,0,0,0,1
8796311293,False,2007,14980,16580,-1600,16835,17276,-441,13,12,1,0,0,0,1
8796311154,True,2872,14383,13329,1054,15652,14768,884,11,11,0,1,0,1,0
8796311048,True,2227,15583,15913,-330,15077,15522,-445,10,12,-2,0,0,0,1
8796310972,True,1837,17672,14516,3156,18050,14135,3915,9,12,-3,1,0,1,0
8796310913,False,1826,15172,14684,488,16445,16744,-299,13,8,5,0,0,0,0
8796310895,True,1794,17806,14312,3494,18591,13888,4703,10,12,-2,0,0,0,1
8796310856,True,2751,15638,15943,-305,17218,17426,-208,15,11,4,0,0,0,0
8796310737,False,1995,11308,16013,-4705,11333,17083,-5750,14,11,3,0,1,-1,0
8796310736,False,1851,15063,16007,-944,15475,16115,-640,11,9,2,1,0,1,0
8796310677,False,2724,15556,16128,-572,16039,16930,-891,11,11,0,0,0,0,1
8796310513,True,3223,15113,15883,-770,15780,16697,-917,13,13,0,0,0,0,0
8796310459,True,2030,17872,14403,3469,18122,15262,2860,11,12,-1,0,0,0,1
8796310276,False,1319,14717,16930,-2213,15272,17983,-2711,14,12,2,0,0,0,1
8796310255,True,1585,16886,13922,2964,18380,14683,3697,12,16,-4,0,0,0,1
8796310091,False,1672,13913,14110,-197,14961,14294,667,8,8,0,0,0,0,0
8796310085,True,3460,15083,15836,-753,15734,17072,-1338,7,9,-2,0,0,0,1
8796309937,True,2855,15311,13221,2090,17345,14168,3177,11,11,0,0,0,0,0
8796309622,False,1833,13213,18522,-5309,13942,18876,-4934,11,10,1,0,1,-1,0
8796309452,True,2344,16838,13674,3164,16287,14347,1940,12,11,1,1,0,1,1
8796309261,False,2205,15387,13481,1906,16000,14390,1610,16,15,1,0,0,0,0
8796309256,False,1838,13322,16065,-2743,14973,18180,-3207,9,14,-5,0,0,0,0
8796309033,False,3224,14395,14614,-219,16600,15933,667,11,7,4,0,0,0,0
8796308835,True,2171,16384,13399,2985,17628,15480,2148,14,8,6,0,0,0,1
8796308591,False,1929,13575,16985,-3410,15106,18314,-3208,8,9,-1,0,0,0,0
8796308411,True,1706,15084,14647,437,15097,15050,47,12,13,-1,0,0,0,0
8796308289,False,2565,14161,14271,-110,15907,17130,-1223,10,13,-3,0,0,0,1
8796308255,False,2538,15825,14457,1368,16876,15353,1523,10,10,0,0,0,0,0
8796308078,True,3881,14760,12297,2463,15700,15458,242,10,9,1,0,0,0,1
8796308052,False,3649,14533,18524,-3991,16795,19028,-2233,7,9,-2,0,0,0,0
8796307973,True,1939,16158,14056,2102,17196,14703,2493,10,13,-3,0,0,0,0
8796307945,True,2817,12837,19325,-6488,14215,18425,-4210,10,16,-6,0,3,-3,0
8796307855,False,2092,13361,17435,-4074,15010,16523,-1513,11,10,1,0,0,0,1
8796307691,False,2684,15051,14060,991,15819,15707,112,11,9,2,0,0,0,1
8796307592,True,3321,17702,14784,2918,18481,14532,3949,10,11,-1,2,0,2,0
8796307578,True,3030,15902,15229,673,17139,16115,1024,8,14,-6,0,0,0,0
8796307572,True,1536,17465,15588,1877,17359,15975,1384,7,8,-1,0,0,0,1
8796307463,False,4611,14747,16293,-1546,15757,17910,-2153,11,11,0,0,0,0,1
8796307432,False,2157,13617,15719,-2102,16085,17158,-1073,8,8,0,0,0,0,1
8796307285,False,2557,13431,17628,-4197,14254,19236,-4982,10,7,3,0,0,0,1
8796307235,False,2034,14599,15852,-1253,15389,16503,-1114,9,11,-2,0,0,0,0
8796306607,False,2652,16471,16930,-459,18047,17417,630,10,12,-2,0,0,0,1
8796306396,True,2198,17102,13080,4022,17516,13783,3733,10,16,-6,1,0,1,0
8796306355,True,2834,14583,16010,-1427,15442,16696,-1254,12,13,-1,0,1,-1,0
8796306218,True,1937,15925,15776,149,17665,17507,158,10,12,-2,0,0,0,1
8796306134,True,2853,12906,15066,-2160,14645,14896,-251,9,13,-4,0,0,0,0
8796305958,True,2137,16241,15428,813,17291,16998,293,14,11,3,0,0,0,0
8796305857,True,1909,14844,13485,1359,15766,13635,2131,10,10,0,0,0,0,1
8796305752,True,2856,16840,15264,1576,16750,17175,-425,14,12,2,0,1,-1,1
8796305663,False,2965,13016,15286,-2270,13715,16745,-3030,16,12,4,0,0,0,1
8796305639,False,2847,14114,14267,-153,14677,15835,-1158,10,10,0,0,0,0,0
8796305542,False,3897,13262,16038,-2776,14865,17359,-2494,9,11,-2,0,1,-1,0
8796305528,True,2141,15565,14489,1076,16443,15276,1167,12,12,0,0,0,0,0
8796305417,True,2029,16714,14929,1785,17042,16110,932,12,12,0,0,0,0,1
8796305243,False,2262,13139,16233,-3094,13917,16790,-2873,15,12,3,0,0,0,0
8796305199,True,2314,16592,15590,1002,16848,17357,-509,7,11,-4,1,0,1,0
8796305118,False,2713,13381,16313,-2932,12808,18265,-5457,10,9,1,0,0,0,1
8796304998,False,1452,11146,19245,-8099,12837,18717,-5880,8,9,-1,0,2,-2,0
8796304777,False,2579,17558,15194,2364,16656,17738,-1082,11,6,5,2,0,2,0
8796304069,True,1613,18389,16126,2263,18835,17196,1639,10,12,-2,1,0,1,0
8796304026,False,2457,16289,15112,1177,16883,15477,1406,11,9,2,0,0,0,0
8796303778,False,4576,14652,14664,-12,16130,16354,-224,9,9,0,0,0,0,0
8796303678,True,2690,16500,15134,1366,16984,16371,613,13,14,-1,1,0,1,0
8796303642,True,2923,18598,15948,2650,18632,17857,775,11,11,0,2,0,2,1
8796303588,True,2384,15669,15413,256,16469,17129,-660,9,10,-1,1,0,1,1
8796303480,True,1560,17921,14298,3623,19157,15993,3164,13,12,1,0,0,0,1
8796303331,False,2848,15399,13722,1677,15497,15790,-293,12,13,-1,1,0,1,1
8796303256,True,3613,15367,16795,-1428,15828,17840,-2012,9,8,1,0,0,0,1
8796303239,False,2271,13789,13684,105,14873,15646,-773,13,9,4,0,0,0,0
8796302847,True,1558,17062,13332,3730,18343,13993,4350,13,7,6,1,0,1,0
8796302776,True,1163,18020,15098,2922,18896,16027,2869,9,11,-2,2,0,2,0
8796302689,False,2797,14479,14225,254,16095,16607,-512,10,13,-3,0,0,0,0
8796302685,True,3028,14872,16211,-1339,15923,17411,-1488,11,6,5,0,0,0,1
8796302629,False,3765,15422,17597,-2175,15684,18308,-2624,10,14,-4,1,0,1,0
8796302322,False,1943,14800,16237,-1437,15825,18019,-2194,7,11,-4,0,0,0,0
8796302059,True,2124,16488,14408,2080,16789,14227,2562,12,8,4,0,0,0,0
8796302043,False,2500,15024,14081,943,15295,15139,156,8,11,-3,0,0,0,0
8796301897,True,2070,15313,14776,537,17665,15779,1886,10,12,-2,0,0,0,0
8796301831,False,2507,13218,17747,-4529,14002,18596,-4594,11,14,-3,0,1,-1,1
8796301799,False,2639,14619,15100,-481,15478,16053,-575,10,12,-2,0,0,0,0
8796301746,True,1562,16225,14249,1976,17573,15404,2169,14,13,1,0,0,0,1
8796301639,True,2591,13614,15333,-1719,15292,16189,-897,12,10,2,0,0,0,0
8796301525,True,2050,14915,17929,-3014,14452,19266,-4814,11,11,0,0,0,0,1
8796301286,True,2306,15600,15204,396,16567,17458,-891,10,11,-1,0,0,0,1
8796301258,False,1998,13679,15254,-1575,15079,17619,-2540,7,12,-5,0,0,0,0
8796301115,True,3763,16730,12836,3894,17180,14190,2990,9,9,0,1,0,1,1
8796301079,False,2327,14155,14076,79,15841,15268,573,11,9,2,0,0,0,0
8796300910,True,2124,14294,15119,-825,15339,16621,-1282,13,9,4,0,0,0,1
8796300897,True,2743,18960,14240,4720,18843,14262,4581,12,14,-2,2,0,2,1
8796300856,False,1309,15952,19210,-3258,16633,20323,-3690,9,11,-2,0,1,-1,0
8796300634,True,2740,17002,15478,1524,18078,15111,2967,10,12,-2,0,0,0,0
8796300586,True,3421,16006,14942,1064,16572,14632,1940,12,8,4,0,0,0,1
8796300308,False,2362,15446,11437,4009,17038,13190,3848,11,14,-3,0,0,0,1
8796300116,True,2346,16214,15340,874,16308,17599,-1291,12,12,0,0,0,0,0
8796300064,True,2167,15741,16076,-335,16953,16500,453,13,12,1,0,0,0,0
8796300052,True,2155,15924,13671,2253,17533,15101,2432,9,6,3,1,1,0,1
8796299889,True,2027,17086,13307,3779,17797,14531,3266,12,6,6,1,0,1,0
8796299803,True,1974,17674,15429,2245,18015,16208,1807,10,12,-2,1,0,1,1
8796299669,False,2944,15382,15590,-208,15388,18054,-2666,9,12,-3,0,0,0,1
8796299659,False,4106,14875,13022,1853,16777,14216,2561,16,11,5,0,0,0,1
8796299514,True,1682,18388,12847,5541,18488,13136,5352,9,15,-6,1,0,1,0
8796299362,False,3091,15552,13738,1814,15240,15111,129,12,8,4,1,0,1,1
8796299249,True,3762,12887,14311,-1424,13548,15211,-1663,11,7,4,0,0,0,0
8796496642,True,1125,20366,13829,6537,20380,11997,8383,7,10,-3,2,0,2,1
8796492148,True,1275,17780,12779,5001,18654,13043,5611,13,8,5,1,0,1,0
8796486315,True,1530,16441,15068,1373,16907,15587,1320,7,11,-4,2,0,2,1
8796484693,True,1415,15476,11630,3846,16566,12700,3866,12,6,6,0,0,0,1
8796482587,True,1343,18960,13935,5025,20122,15333,4789,15,10,5,1,0,1,1
8796481466,False,1392,14532,16538,-2006,16358,16483,-125,15,11,4,0,0,0,0
8796481052,True,1784,15014,13109,1905,16554,14337,2217,13,10,3,0,0,0,0
8796480561,False,1646,14835,17317,-2482,15335,19884,-4549,11,6,5,0,0,0,0
8796480229,False,1223,12628,18630,-6002,13117,18214,-5097,9,13,-4,0,3,-3,1
8796478934,True,1682,16946,15505,1441,18240,16347,1893,12,11,1,1,0,1,0
8796478854,True,1280,17117,11529,5588,18181,10305,7876,7,9,-2,1,0,1,1
8796478647,False,1491,13864,17027,-3163,14211,16678,-2467,5,6,-1,0,1,-1,1
8796478590,False,1873,12849,16426,-3577,12810,16701,-3891,14,14,0,0,1,-1,0
8796477988,True,1822,16932,13826,3106,18259,14756,3503,13,12,1,0,0,0,0
8796477926,True,1512,18010,13204,4806,18857,14521,4336,7,7,0,1,0,1,1
8796477816,True,1650,17432,11939,5493,18971,12348,6623,12,11,1,1,0,1,1
8796477671,True,1681,16015,13461,2554,17483,14238,3245,15,18,-3,0,0,0,0
8796477220,False,1943,13666,16082,-2416,13443,15986,-2543,9,12,-3,1,1,0,0
8796476777,False,1624,13643,17534,-3891,12718,17857,-5139,10,8,2,0,1,-1,1
8796476350,False,1476,14131,16727,-2596,14858,18490,-3632,10,12,-2,0,0,0,0
8796475840,False,1420,14044,18605,-4561,15043,18652,-3609,9,13,-4,0,3,-3,1
8796475658,False,1305,15184,15588,-404,15769,16119,-350,12,14,-2,0,0,0,0
8796475507,False,1637,13209,16004,-2795,14119,17911,-3792,11,10,1,0,0,0,1
8796480179,False,1824,12342,19062,-6720,11813,17645,-5832,11,13,-2,0,2,-2,1
8796488878,True,1605,15863,13673,2190,17580,15164,2416,8,10,-2,0,0,0,1
8796488343,False,1640,14072,16255,-2183,14507,16688,-2181,13,13,0,0,0,0,1
8796486779,True,1690,18160,12877,5283,19362,13294,6068,5,7,-2,2,0,2,1
8796481606,True,1801,17761,14723,3038,16903,16465,438,11,7,4,0,0,0,1
8796480146,True,2031,14793,15440,-647,16069,15027,1042,9,10,-1,0,1,-1,1
8796503332,False,1259,12665,17200,-4535,14508,17362,-2854,10,8,2,0,1,-1,0
8796498406,False,1628,13324,17063,-3739,14301,19440,-5139,14,11,3,0,0,0,1
8796497180,False,1701,13811,18474,-4663,14895,18944,-4049,8,12,-4,0,1,-1,0
8796495937,True,1714,15586,13607,1979,16104,14184,1920,9,9,0,0,0,0,1
8796495804,True,1502,15732,12272,3460,16321,13097,3224,13,8,5,0,0,0,1
8796495074,True,1580,16088,14020,2068,16986,16518,468,10,10,0,1,0,1,0
8796494007,True,1479,16197,11766,4431,18878,13579,5299,10,11,-1,0,0,0,0
8796493122,False,1847,16529,14964,1565,16378,14817,1561,11,15,-4,0,0,0,0
8796492869,True,1675,17733,13819,3914,17880,14444,3436,12,11,1,1,0,1,0
8796492718,False,1678,14419,17367,-2948,15298,17399,-2101,12,16,-4,0,1,-1,0
8796492309,False,1893,12785,15395,-2610,14596,17206,-2610,8,9,-1,0,0,0,0
8796492042,True,1586,17551,14926,2625,18471,14717,3754,9,11,-2,0,0,0,1
8796491931,True,1851,15722,14889,833,16166,16098,68,12,11,1,0,0,0,1
8796490907,True,1945,16755,12059,4696,17202,13435,3767,10,11,-1,0,0,0,1
8796499726,False,1659,15426,16053,-627,15456,17109,-1653,11,11,0,0,1,-1,1
8796514260,True,1116,16444,12286,4158,17623,13098,4525,11,7,4,0,0,0,1
8796512489,True,1322,13471,14488,-1017,15255,15570,-315,11,10,1,0,0,0,1
8796500676,True,1697,16898,12145,4753,17997,14474,3523,12,15,-3,1,0,1,1
8796497279,True,1925,14258,15320,-1062,13444,17091,-3647,11,9,2,0,0,0,1
8796496711,True,1973,15069,15939,-870,17487,19357,-1870,12,11,1,0,0,0,1
8796503802,True,1696,15465,15813,-348,16026,17215,-1189,11,10,1,0,0,0,0
8796498476,False,1922,13777,16334,-2557,14562,18184,-3622,7,2,5,0,0,0,1
8796501596,False,1851,13141,15840,-2699,14704,17244,-2540,10,9,1,0,0,0,0
8796498455,True,1878,14771,13833,938,17118,14994,2124,8,11,-3,0,0,0,0
8796512644,False,1437,12121,16036,-3915,13635,17032,-3397,7,10,-3,0,0,0,0
8796505150,False,1755,15052,14366,686,16080,15466,614,12,14,-2,0,0,0,0
8796503097,True,1797,17169,15467,1702,16630,14686,1944,6,9,-3,2,1,1,1
8796501205,False,1918,13074,16279,-3205,14671,17083,-2412,12,11,1,0,0,0,1
8796500690,True,1946,16460,14109,2351,17552,14651,2901,11,10,1,0,0,0,1
8807371157,True,1654,15874,15063,811,16863,15281,1582,8,14,-6,0,0,0,1
8807369705,True,1611,13877,15300,-1423,15655,16494,-839,10,8,2,0,0,0,0
8807368011,True,1591,16598,17175,-577,19322,16875,2447,7,7,0,0,0,0,0
8807368317,False,1937,13333,16049,-2716,14831,17033,-2202,9,12,-3,0,1,-1,0
8807385955,True,1659,17470,15128,2342,16400,17070,-670,9,14,-5,1,0,1,1
8807384620,True,1473,15205,15153,52,16560,15576,984,16,12,4,0,0,0,1
8807382919,False,1796,15172,14560,612,15418,15355,63,7,5,2,1,0,1,1
8807380098,False,1497,16306,14767,1539,16962,16187,775,11,10,1,1,0,1,1
8807379828,True,1777,16181,16003,178,16587,16251,336,11,13,-2,0,0,0,1
8796332762,True,2272,17059,14309,2750,17759,14202,3557,13,9,4,1,0,1,1
8810588358,True,1064,18232,14414,3818,20209,15583,4626,11,9,2,1,0,1,0
8810581496,True,1809,14980,10014,4966,16211,11979,4232,6,7,-1,1,0,1,1
8810573197,True,2000,16250,15076,1174,16997,16357,640,14,14,0,0,0,0,0
8810573105,False,1260,13463,15938,-2475,14784,17555,-2771,16,14,2,0,0,0,0
8810573102,False,1884,14662,15812,-1150,15841,17511,-1670,13,9,4,0,0,0,0
8810567371,False,1695,12760,17210,-4450,13734,19572,-5838,8,5,3,0,0,0,0
8810566860,True,2057,16092,17566,-1474,16269,18439,-2170,17,14,3,1,0,1,0
8810566259,True,1477,14104,13200,904,16196,14360,1836,8,15,-7,0,0,0,1
8810564880,False,1891,14696,17302,-2606,15671,16914,-1243,8,12,-4,0,2,-2,0
8810560088,True,1926,19178,14387,4791,19116,15967,3149,12,14,-2,0,0,0,1
8810559968,False,2170,15040,18390,-3350,16755,18286,-1531,11,11,0,0,1,-1,1
8810559940,True,2149,13688,12855,833,15036,15426,-390,11,11,0,0,0,0,0
8810553980,False,2148,14458,18671,-4213,15874,19527,-3653,11,13,-2,0,0,0,1
8810553078,False,2174,11141,16896,-5755,13890,17487,-3597,11,8,3,0,1,-1,0
8810552787,True,1975,16644,12955,3689,18328,13433,4895,7,8,-1,0,0,0,0
8810547890,True,2198,13101,14206,-1105,14506,15469,-963,9,11,-2,0,0,0,1
8810547815,True,1772,13885,14283,-398,15636,16156,-520,12,8,4,0,0,0,0
8810547556,False,1801,13108,18513,-5405,13857,17949,-4092,8,13,-5,0,2,-2,0
8810547468,True,2011,17630,14351,3279,17894,15610,2284,10,14,-4,0,0,0,1
8810534963,False,2234,15177,15103,74,15748,16868,-1120,13,8,5,0,0,0,0
8810534830,False,1217,12240,14650,-2410,12819,16848,-4029,14,12,2,0,0,0,1
8810534758,False,1474,11868,16536,-4668,12300,16197,-3897,14,9,5,0,1,-1,1
8810534645,False,1850,16000,17716,-1716,15173,19517,-4344,9,8,1,0,0,0,1
8810531555,True,1885,15475,12887,2588,16585,13839,2746,7,7,0,0,0,0,0
8810529514,True,1810,18319,14583,3736,18671,15556,3115,9,11,-2,2,0,2,0
8810529192,False,1900,12452,15954,-3502,13822,17904,-4082,10,11,-1,0,0,0,0
8810528698,True,1673,17578,13049,4529,17953,14292,3661,9,12,-3,0,0,0,1
8810523223,True,1846,15576,15171,405,16169,16595,-426,8,10,-2,0,0,0,1
8810517277,True,1282,17717,12577,5140,17625,14456,3169,13,8,5,1,0,1,0
8810517258,True,1936,16048,11872,4176,17569,13693,3876,8,6,2,0,0,0,0
8810516853,False,1876,14422,14928,-506,15653,15470,183,10,10,0,0,0,0,1
8810511187,True,1457,16322,15626,696,16464,15703,761,11,12,-1,0,1,-1,1
8810511077,True,2209,16581,13656,2925,16924,14077,2847,10,5,5,0,0,0,0
8810510902,True,1686,13490,15823,-2333,15215,17285,-2070,10,13,-3,0,0,0,0
8810510698,True,1317,16185,12379,3806,17289,13635,3654,7,10,-3,0,0,0,1
8810510474,False,2296,14106,14614,-508,15004,15850,-846,11,10,1,0,0,0,1
8810504968,True,1461,19847,12817,7030,20267,14196,6071,10,10,0,1,0,1,1
8810499372,False,2057,14294,15372,-1078,15257,15805,-548,15,11,4,0,0,0,1
8810499308,False,2057,14264,16459,-2195,14964,17409,-2445,7,10,-3,0,1,-1,0
8810498986,True,1534,18139,15574,2565,17605,14869,2736,8,14,-6,1,0,1,1
8810496254,True,2747,14033,16052,-2019,14350,16033,-1683,10,13,-3,0,1,-1,0
8810493796,True,1844,14646,13570,1076,15512,13643,1869,6,9,-3,0,0,0,1
8810493360,True,1192,17056,13956,3100,16029,15168,861,12,9,3,3,0,3,0
8810487904,True,1849,16181,15495,686,16689,16503,186,14,14,0,0,0,0,1
8810482682,False,2060,12872,14070,-1198,13954,14914,-960,8,8,0,0,0,0,1
8810481799,True,2723,15919,16748,-829,16751,17509,-758,7,9,-2,0,0,0,0
8810475822,True,1858,16773,14389,2384,16998,15060,1938,13,9,4,1,0,1,0
8810471846,True,1907,16033,18808,-2775,15840,19572,-3732,9,14,-5,0,1,-1,1
8810471037,False,2108,17249,14434,2815,17535,16016,1519,6,10,-4,1,0,1,1
8810470392,True,2837,12710,15834,-3124,14405,16313,-1908,13,12,1,0,0,0,0
8810465948,False,1333,14415,18911,-4496,16737,18354,-1617,11,10,1,0,1,-1,1
8810465739,False,1735,13553,16541,-2988,14734,17778,-3044,9,8,1,1,1,0,0
8810465345,True,2239,17144,14868,2276,18472,16282,2190,14,13,1,1,0,1,0
8810463251,True,2237,15115,15317,-202,16143,17069,-926,9,9,0,0,0,0,0
8810462956,True,955,17398,15363,2035,17692,12971,4721,10,12,-2,1,0,1,1
8810461408,True,1707,18259,14460,3799,18623,16009,2614,13,12,1,2,0,2,1
8810460969,False,1578,14811,14886,-75,16003,18178,-2175,10,8,2,0,0,0,1
8810460402,True,1441,18870,17806,1064,18602,16991,1611,15,14,1,1,0,1,0
8810459895,False,1816,15272,15042,230,16660,16230,430,10,7,3,0,0,0,1
8810459398,True,2366,16288,14387,1901,16945,15384,1561,12,10,2,1,0,1,1
8810458442,False,2507,14070,15816,-1746,14791,17710,-2919,12,9,3,1,0,1,0
8810458416,False,2518,13421,14667,-1246,15588,16409,-821,16,16,0,0,0,0,0
8810453804,False,2991,15172,13758,1414,15151,14781,370,11,10,1,0,0,0,1
8810439589,False,3219,14555,14158,397,15290,15852,-562,11,11,0,0,0,0,0
8810436096,True,2086,13772,15300,-1528,14497,15750,-1253,9,10,-1,0,1,-1,0
8810431498,False,1761,15761,17113,-1352,16675,17833,-1158,11,11,0,1,0,1,0
8810431437,True,1877,14999,13389,1610,15113,15661,-548,12,8,4,0,0,0,1
8810431128,False,2017,13531,16076,-2545,13983,17607,-3624,10,10,0,0,0,0,0
8810431126,False,1409,13100,17327,-4227,14739,17706,-2967,11,14,-3,0,0,0,0
8810426347,False,1841,14575,16969,-2394,15897,19102,-3205,11,8,3,0,0,0,1
8810423257,False,2162,15130,16980,-1850,15239,18375,-3136,8,11,-3,0,0,0,1
8810422182,False,2303,14748,14558,190,15974,15826,148,16,12,4,0,0,0,0
8810421912,True,2056,17616,15113,2503,17546,16318,1228,9,10,-1,2,0,2,0
8810420181,False,2846,14118,15496,-1378,14377,16342,-1965,13,14,-1,1,0,1,0
8810417530,False,2323,14277,15081,-804,16028,15634,394,9,11,-2,0,0,0,1
8810416577,True,3193,15658,13691,1967,16620,16025,595,13,12,1,0,0,0,0
8810413455,False,1655,10888,17893,-7005,11929,17913,-5984,11,15,-4,0,1,-1,0
8810412890,True,2571,16381,15045,1336,16155,16559,-404,12,14,-2,0,0,0,1
8810409284,False,2240,15363,16379,-1016,16134,17025,-891,11,12,-1,0,0,0,1
8810409163,True,1800,17743,14573,3170,18036,14553,3483,12,14,-2,0,0,0,1
8810409158,False,2978,13893,16247,-2354,16072,16644,-572,14,8,6,0,0,0,0
8810406293,False,1975,16983,14605,2378,17426,17242,184,13,13,0,1,0,1,1
8810403697,True,2438,14708,14938,-230,14541,15923,-1382,12,10,2,1,0,1,1
8810403051,True,2610,16204,15202,1002,16446,16815,-369,11,12,-1,0,0,0,1
8810401266,False,1916,13440,13891,-451,15171,15533,-362,10,11,-1,0,0,0,0
8810399954,True,1386,16309,15488,821,18005,16681,1324,10,8,2,0,0,0,0
8810399560,False,2088,14847,14847,0,15419,16106,-687,10,12,-2,0,0,0,0
8810399091,True,2056,15585,16370,-785,16732,18542,-1810,10,11,-1,0,0,0,0
8810398785,True,2109,16116,15925,191,16291,16730,-439,11,13,-2,0,0,0,1
8810397565,False,2222,12431,15144,-2713,13308,17189,-3881,8,7,1,0,0,0,1
8810396595,False,3320,14242,13459,783,15197,14212,985,12,11,1,0,0,0,1
8810394568,False,1893,15834,14947,887,17772,15222,2550,13,14,-1,0,0,0,1
8810390666,False,2109,15581,13400,2181,16665,14131,2534,8,12,-4,0,0,0,0
8810386069,True,1763,16799,15440,1359,18362,16899,1463,13,10,3,0,0,0,0
8810384760,False,1944,14051,15470,-1419,15134,17427,-2293,7,9,-2,0,0,0,0
8810383452,True,3678,15543,16932,-1389,15972,17207,-1235,7,10,-3,0,0,0,0
8810382730,True,1739,14566,15140,-574,15565,16087,-522,11,9,2,0,0,0,1
8810382696,False,3427,16544,15567,977,16883,16348,535,6,10,-4,0,0,0,1
8810382622,True,1711,15162,13400,1762,14913,14174,739,12,9,3,1,0,1,1
8810382490,True,1869,14780,12762,2018,15866,13763,2103,9,10,-1,0,0,0,1
8810382231,True,2005,16514,14556,1958,17695,15062,2633,10,13,-3,1,0,1,1
8810376680,False,1746,13250,17154,-3904,14707,17212,-2505,15,13,2,0,0,0,0
8810373462,False,3093,15145,15066,79,17843,17137,706,8,11,-3,0,0,0,1
8810372760,True,1901,16803,14788,2015,18143,15798,2345,15,12,3,1,0,1,1
8810372590,False,3280,17763,15018,2745,18269,16357,1912,13,10,3,1,0,1,0
8810371081,False,2482,13626,15836,-2210,13469,16350,-2881,10,12,-2,0,0,0,0
8810370334,True,2076,16442,13426,3016,17574,13844,3730,7,12,-5,1,0,1,1
8810370249,True,2222,15223,13650,1573,14942,14607,335,11,10,1,0,0,0,0
8810370158,True,1749,18664,12915,5749,17404,14306,3098,16,13,3,2,0,2,1
8810370146,True,1888,13473,16398,-2925,15923,16451,-528,9,8,1,0,2,-2,0
8810370098,False,1850,15464,15030,434,16137,15933,204,12,14,-2,0,0,0,0
8810368083,True,1851,17442,12654,4788,18037,13774,4263,11,10,1,1,0,1,0
8810365941,False,1236,13583,16882,-3299,14104,17754,-3650,13,10,3,0,0,0,0
8810365892,False,1883,13879,16160,-2281,14216,17569,-3353,13,8,5,0,0,0,0
8810365786,True,2185,14556,13785,771,14946,14798,148,11,14,-3,0,0,0,0
8810365563,True,2117,15547,17995,-2448,16639,18569,-1930,14,6,8,0,1,-1,0
8810365450,False,2184,15056,15296,-240,17171,15022,2149,8,7,1,0,1,-1,0
8810365186,False,2748,15706,15368,338,16585,15670,915,13,13,0,0,0,0,1
8810364253,False,2811,13952,14374,-422,14897,14729,168,9,13,-4,0,0,0,0
8810363378,True,2726,13646,13334,312,15204,14584,620,12,14,-2,0,0,0,0
8810362229,True,1948,17376,13286,4090,17765,14083,3682,10,10,0,0,0,0,1
8810362081,True,2006,16044,15647,397,15883,16800,-917,15,13,2,0,0,0,1
8810362077,True,2350,15524,18605,-3081,14747,19560,-4813,11,14,-3,0,0,0,1
8810361535,False,1699,13687,18681,-4994,14086,18855,-4769,8,12,-4,0,0,0,0
8810360206,False,1965,14411,16469,-2058,15258,16261,-1003,8,12,-4,0,0,0,1
8810358148,True,2056,16408,14403,2005,16722,16135,587,16,10,6,0,0,0,1
8810357996,False,1878,14193,12992,1201,17028,13168,3860,12,10,2,0,0,0,1
8810357951,False,2852,17091,17977,-886,18064,18001,63,13,8,5,1,0,1,1
8810357886,False,879,15762,17364,-1602,17793,18619,-826,10,16,-6,0,1,-1,1
8810357739,False,2478,14826,15938,-1112,15284,16836,-1552,13,7,6,0,0,0,0
8810356680,True,2312,16225,14741,1484,17326,15330,1996,11,6,5,0,0,0,1
8810355263,False,1951,12828,15907,-3079,14392,16516,-2124,12,12,0,0,0,0,0
8810354328,False,2352,15757,14593,1164,15664,16456,-792,16,11,5,0,0,0,1
8810354308,True,1280,18533,12608,5925,18517,14296,4221,10,10,0,1,0,1,1
8810353705,False,2128,14569,15709,-1140,15292,16839,-1547,12,12,0,0,0,0,0
8810350682,False,2055,12337,15526,-3189,14865,15356,-491,13,10,3,0,1,-1,0
8810350619,True,2106,15336,14886,450,16985,15824,1161,11,14,-3,0,0,0,0
8810350586,True,2086,16591,14150,2441,17411,15351,2060,10,9,1,0,0,0,0
8810349891,True,3333,17737,14082,3655,17287,15103,2184,13,8,5,0,0,0,0
8810346948,True,2638,15573,15390,183,16402,15297,1105,11,14,-3,0,0,0,0
8810346727,False,2523,18928,18759,169,19023,18042,981,11,12,-1,0,0,0,1
8810345248,True,2953,16539,18260,-1721,16908,19907,-2999,14,15,-1,0,0,0,0
8810338345,True,3518,15739,14042,1697,17149,16351,798,8,12,-4,0,0,0,1
8810337119,True,3572,17806,12721,5085,17672,13898,3774,11,9,2,1,0,1,1
8810320195,True,2117,16668,14463,2205,17040,15747,1293,10,10,0,1,1,0,0
8810248855,True,2297,14438,14054,384,15988,14986,1002,8,9,-1,0,0,0,0
8810237232,False,2269,13772,15757,-1985,14605,16132,-1527,12,11,1,1,0,1,0
8810209714,False,2639,13646,15878,-2232,13379,16215,-2836,14,11,3,0,0,0,0
8810198480,False,4285,15772,14114,1658,15442,14658,784,12,14,-2,1,1,0,1
8810153134,False,1428,12943,18707,-5764,14022,18850,-4828,9,11,-2,0,1,-1,0
8810133497,False,3735,14960,13299,1661,15486,14997,489,12,15,-3,0,0,0,1
8810101404,True,2575,14750,14242,508,15055,15481,-426,13,12,1,1,0,1,0
8810101259,False,2177,14048,16647,-2599,15263,16495,-1232,11,16,-5,0,1,-1,1
8810101059,False,1851,16938,15159,1779,17468,15621,1847,9,13,-4,1,0,1,1
8810100880,False,3520,16689,16144,545,17420,17086,334,10,9,1,0,0,0,0
8810100871,False,2333,13493,16059,-2566,15251,17215,-1964,9,8,1,0,0,0,0
8810100679,False,2518,15249,17559,-2310,14774,18648,-3874,10,10,0,0,0,0,1
8810100542,False,2144,14467,14137,330,17509,15947,1562,12,12,0,0,0,0,0
8810100412,True,1851,14986,12176,2810,17414,14576,2838,12,8,4,1,0,1,1
8810100380,False,1651,14504,15722,-1218,14401,16406,-2005,11,12,-1,0,1,-1,1
8810100268,False,3098,15710,15043,667,16699,15605,1094,11,9,2,0,0,0,1
8810100259,True,2502,15159,14247,912,16262,16138,124,12,13,-1,0,0,0,1
8810099991,False,1857,12205,20676,-8471,13529,20428,-6899,8,10,-2,0,2,-2,0
8810099827,True,1684,16126,15710,416,17142,16790,352,10,9,1,1,0,1,0
8810099826,True,2397,15207,15711,-504,15517,15995,-478,11,10,1,0,1,-1,1
8810099507,True,2492,17225,15272,1953,18193,16588,1605,12,10,2,0,0,0,0
8810099300,True,2067,14613,14852,-239,15084,17059,-1975,12,12,0,0,0,0,0
8810099193,False,2077,14495,15621,-1126,14511,15276,-765,10,12,-2,0,1,-1,0
8810099122,True,2012,17348,13014,4334,18379,13889,4490,11,9,2,1,0,1,0
8810098989,False,3105,13260,13966,-706,14612,15152,-540,9,12,-3,0,0,0,0
8810098965,False,2431,15404,14648,756,16696,15091,1605,9,13,-4,1,1,0,1
8810098835,True,3190,16244,14268,1976,18640,16221,2419,8,11,-3,0,0,0,1
8810098808,False,2947,13723,16336,-2613,14360,18138,-3778,10,15,-5,0,0,0,0
8810098651,True,2087,14300,16908,-2608,15086,17541,-2455,12,11,1,0,1,-1,1
8810098232,True,1890,16947,12013,4934,17167,12913,4254,13,7,6,2,0,2,1
8810098194,False,2621,13511,16980,-3469,15174,17923,-2749,6,7,-1,0,1,-1,0
8810097702,True,2263,15150,15639,-489,16227,16764,-537,10,14,-4,0,0,0,0
8810097517,False,2536,14260,14329,-69,15616,15328,288,9,11,-2,0,0,0,1
8810097512,False,2489,14644,16557,-1913,15249,16188,-939,13,7,6,0,0,0,0
8810097497,False,2320,14462,15345,-883,15797,16588,-791,7,7,0,0,0,0,1
8810097342,False,2405,12092,16856,-4764,13728,17161,-3433,11,11,0,0,0,0,1
8810096960,True,2334,15389,12571,2818,15898,14273,1625,10,10,0,0,0,0,1
8810096823,True,2735,13480,16654,-3174,14724,17309,-2585,9,11,-2,0,1,-1,0
8810096769,True,1751,14576,14209,367,16602,15484,1118,14,10,4,0,0,0,1
8810096740,False,2955,17206,12596,4610,18109,15280,2829,11,8,3,1,0,1,1
8810096726,False,2610,14440,17039,-2599,15609,17677,-2068,10,8,2,0,0,0,0
8810096689,False,1782,10265,14070,-3805,12291,15621,-3330,9,10,-1,0,0,0,0
8810096519,True,1866,18831,13862,4969,17779,15336,2443,10,12,-2,2,0,2,1
8810096503,False,3449,15547,16068,-521,16421,17395,-974,11,11,0,0,0,0,1
8810096486,False,1643,14821,18323,-3502,15337,19892,-4555,8,7,1,0,0,0,0
8810096428,False,2137,13733,15765,-2032,14199,17148,-2949,10,11,-1,0,1,-1,0
8810096427,True,2315,14596,14515,81,15620,16095,-475,11,11,0,0,0,0,0
8810096289,False,2477,15781,16393,-612,17345,17679,-334,8,9,-1,0,0,0,0
8810096113,False,1692,14018,13899,119,15986,15435,551,10,10,0,0,0,0,1
8810096081,True,1875,13292,16319,-3027,15269,17235,-1966,10,6,4,0,0,0,1
8810096000,False,1699,12814,14945,-2131,14646,16327,-1681,11,11,0,0,0,0,0
8810095916,True,3709,14739,15812,-1073,15660,18086,-2426,5,10,-5,0,0,0,0
8810095754,False,2503,16587,14187,2400,17189,15601,1588,9,11,-2,0,1,-1,0
8810095739,False,1311,13247,17122,-3875,14304,18777,-4473,12,12,0,0,0,0,0
8810095669,True,2124,15517,14188,1329,16923,16064,859,11,10,1,0,0,0,0
8810095607,False,1154,12377,20043,-7666,12949,19803,-6854,7,12,-5,0,2,-2,0
8810095562,True,1808,15297,13861,1436,15146,15087,59,11,11,0,0,0,0,1
8810095504,False,1773,14473,17764,-3291,15322,19018,-3696,10,14,-4,0,1,-1,0
8810095488,False,3347,12743,13651,-908,14979,14891,88,12,12,0,0,0,0,0
8810094998,True,2462,13091,15398,-2307,14796,15708,-912,6,13,-7,0,0,0,1
8810094871,False,2717,16112,14780,1332,17650,16188,1462,10,14,-4,0,0,0,1
8810094831,True,2981,17108,14189,2919,17776,14958,2818,11,15,-4,0,0,0,1
8810094826,True,1509,16688,11325,5363,17520,11928,5592,9,8,1,2,0,2,1
8810094807,True,3463,15755,16669,-914,14855,16979,-2124,10,9,1,1,1,0,1
8810094552,False,3203,14879,15597,-718,15943,17080,-1137,9,12,-3,0,0,0,0
8810094530,True,2425,16760,16394,366,17502,17450,52,11,11,0,0,1,-1,1
8810094496,True,3509,15371,13642,1729,17067,15038,2029,9,12,-3,0,0,0,0
8810094197,True,2978,15191,16042,-851,15137,16246,-1109,11,15,-4,0,1,-1,0
8810094135,True,3382,14558,14535,23,16008,15069,939,9,14,-5,0,0,0,1
8810093811,False,2476,15376,16154,-778,15504,16394,-890,11,8,3,0,0,0,1
8810093789,True,2681,14295,15993,-1698,15371,17813,-2442,13,15,-2,0,0,0,0
8810093680,True,3077,13837,14035,-198,15673,15470,203,13,12,1,0,0,0,1
8810093589,False,2403,16475,13866,2609,16462,14834,1628,13,16,-3,1,0,1,0
8810093445,True,2102,17066,12391,4675,16709,13950,2759,12,11,1,2,0,2,1
8810093357,False,1912,13539,14747,-1208,14527,16500,-1973,12,12,0,1,1,0,1
8810093004,True,1786,14518,13276,1242,16175,15918,257,11,10,1,0,0,0,1
8810092822,True,1913,20553,17335,3218,20784,16718,4066,13,10,3,0,0,0,0
8810092621,False,2597,13959,14412,-453,16019,15854,165,16,14,2,0,0,0,0
8810092604,False,2456,17134,18002,-868,17797,18272,-475,12,16,-4,1,0,1,1
8810092423,True,3288,14117,12506,1611,15867,13644,2223,12,10,2,0,0,0,0
8810092298,False,2183,15121,15826,-705,17248,17410,-162,13,15,-2,0,0,0,0
8810092295,True,1731,14046,17351,-3305,14835,16832,-1997,13,13,0,0,2,-2,0
8810092181,False,1270,13126,17802,-4676,13351,18753,-5402,9,8,1,0,0,0,0
8810092160,False,2779,14556,14338,218,14305,16590,-2285,15,11,4,0,0,0,0
8810092093,True,2640,14571,16861,-2290,14524,17489,-2965,12,13,-1,0,0,0,0
8810092075,True,1689,15214,13727,1487,17371,14927,2444,12,13,-1,0,0,0,0
8810091914,True,2906,15556,14973,583,17901,14714,3187,11,13,-2,0,0,0,0
8810091851,False,2575,14214,14588,-374,15403,16280,-877,12,9,3,0,0,0,1
8810091843,True,2623,12587,12797,-210,15203,13405,1798,11,12,-1,0,0,0,0
8810091758,True,1575,14300,15496,-1196,15302,16155,-853,8,10,-2,0,0,0,0
8810091734,True,2589,15447,15168,279,16834,15248,1586,9,9,0,0,0,0,1
8810091018,False,2558,15127,15700,-573,14726,17575,-2849,13,11,2,1,0,1,0
8810090855,False,2351,14135,13581,554,15640,13165,2475,7,9,-2,0,1,-1,1
8810090220,True,2242,13062,20714,-7652,14736,19767,-5031,10,13,-3,0,2,-2,0
8810090133,False,2725,14401,13869,532,16056,15308,748,11,9,2,0,0,0,0
8810089992,True,2405,16923,12367,4556,17549,14595,2954,12,6,6,0,0,0,1
8810089944,False,2179,14886,16508,-1622,15327,17371,-2044,11,14,-3,0,0,0,1
8810089920,False,2505,14442,12755,1687,15382,13949,1433,9,13,-4,0,0,0,0
8810089585,True,1172,17434,13976,3458,17967,15015,2952,11,7,4,2,0,2,0
8810089572,True,2040,15752,14061,1691,16325,15814,511,12,12,0,0,0,0,1
8810089514,True,1571,17670,13750,3920,18499,15345,3154,11,15,-4,0,0,0,0
8810089388,False,2613,17432,14761,2671,17798,16215,1583,8,10,-2,1,0,1,1
8810089136,True,2306,16205,16057,148,15989,16161,-172,9,16,-7,1,0,1,1
8810089099,True,1586,14065,13538,527,16132,14110,2022,8,5,3,0,0,0,0
8810088988,True,1496,17131,12858,4273,17434,14042,3392,12,10,2,1,0,1,1
8810088930,True,3064,15206,18405,-3199,14770,18484,-3714,13,15,-2,0,1,-1,0
8810088662,False,1642,14625,18123,-3498,16012,19615,-3603,10,9,1,0,0,0,1
8810088476,False,2509,16393,13592,2801,17780,15287,2493,9,6,3,0,0,0,1
8810088371,True,2155,13770,16475,-2705,14979,18560,-3581,12,6,6,0,0,0,0
8810088248,True,3163,15924,15398,526,18035,16180,1855,11,15,-4,0,0,0,1
8810088226,True,1830,16329,14136,2193,17216,15206,2010,14,14,0,1,0,1,1
8810087819,False,2188,15573,15071,502,17522,16699,823,11,5,6,0,0,0,0
8810087760,False,1921,13230,17561,-4331,14058,17528,-3470,10,11,-1,0,1,-1,0
8810087752,True,1304,17090,12851,4239,16610,12719,3891,8,13,-5,1,0,1,1
8810087729,False,2577,12634,15238,-2604,14378,15572,-1194,13,9,4,0,1,-1,0
8810087614,False,2064,13850,14593,-743,15421,16051,-630,16,12,4,0,0,0,1
8810087597,True,2462,15136,13869,1267,16993,14768,2225,8,6,2,0,0,0,0
8810087469,False,2934,14652,16448,-1796,14617,18466,-3849,9,12,-3,1,0,1,1
8810087430,True,1917,16134,15617,517,17101,16417,684,7,10,-3,1,1,0,0
8810087264,True,2232,15130,15643,-513,16204,14827,1377,10,11,-1,0,0,0,0
8810087002,True,2250,14873,17347,-2474,14813,18454,-3641,12,15,-3,0,0,0,0
8810086945,True,2647,15067,16477,-1410,15939,17070,-1131,9,7,2,0,1,-1,0
8810086890,True,1817,14885,16295,-1410,16806,16988,-182,9,13,-4,0,0,0,0
8810086767,False,1997,15315,13502,1813,15869,14695,1174,8,8,0,1,0,1,1
8810086516,True,3302,12365,16810,-4445,12832,17612,-4780,9,13,-4,0,0,0,0
8810086476,False,1864,13646,18959,-5313,13345,19296,-5951,15,11,4,1,0,1,1
8810086424,False,3191,17241,12733,4508,18790,14184,4606,12,9,3,1,0,1,0
8810086215,False,3718,15661,13869,1792,17668,13902,3766,11,10,1,0,0,0,1
8810086045,False,1690,12565,15796,-3231,13993,18123,-4130,6,11,-5,0,0,0,0
8810085803,True,1562,17307,14818,2489,18572,16963,1609,11,11,0,3,0,3,1
8810085652,False,1259,11682,18620,-6938,12079,19142,-7063,7,8,-1,0,1,-1,0
8810085569,False,2376,14914,15421,-507,14424,16191,-1767,10,10,0,0,0,0,0
8810085567,True,1216,17443,12786,4657,18240,13568,4672,10,8,2,2,0,2,0
8810085498,False,2053,16862,13561,3301,18174,14255,3919,8,11,-3,1,0,1,0
8810085491,False,1826,14761,16565,-1804,15692,18300,-2608,11,12,-1,0,0,0,1
8810085360,True,1847,15210,15343,-133,17139,15866,1273,11,14,-3,0,1,-1,0
8810085283,True,2426,12858,15299,-2441,14298,15350,-1052,9,10,-1,0,0,0,0
8810085162,False,3660,15538,14643,895,14877,15954,-1077,9,13,-4,1,0,1,1
8810085054,True,2449,17211,14593,2618,17743,15389,2354,11,10,1,1,0,1,1
8810084809,False,2470,14016,16284,-2268,13778,16932,-3154,12,15,-3,0,0,0,0
8810084743,False,1671,13150,15110,-1960,14061,15966,-1905,10,14,-4,0,0,0,0
8810084614,True,1805,16319,14475,1844,18096,16011,2085,11,12,-1,0,0,0,1
8810084451,False,2374,13783,18449,-4666,13385,18291,-4906,8,12,-4,0,2,-2,1
8810084408,False,2628,15130,15440,-310,14898,17130,-2232,15,11,4,0,0,0,1
8810084358,False,3696,14097,14300,-203,15473,15345,128,10,12,-2,1,0,1,0
8810084327,True,1610,15298,14382,916,17363,15979,1384,9,6,3,0,1,-1,1
8810084307,True,2302,15796,16580,-784,15871,16255,-384,14,11,3,0,0,0,1
8810084168,True,1911,14983,17146,-2163,15201,17969,-2768,13,7,6,1,1,0,0
8810083808,False,1961,15116,15615,-499,14736,16247,-1511,9,11,-2,0,0,0,0
8810083772,False,2507,14948,13291,1657,15430,15186,244,11,10,1,0,0,0,1
8810083476,True,1921,16683,16664,19,16549,16003,546,11,13,-2,0,0,0,1
8810083391,False,2503,12946,14877,-1931,13625,15452,-1827,11,13,-2,0,1,-1,0
8810083357,True,1893,17410,11913,5497,16296,12560,3736,16,12,4,1,0,1,0
8810083198,True,2867,14479,15919,-1440,15318,16614,-1296,9,9,0,0,2,-2,0
8810083135,True,1946,14405,15135,-730,14791,15761,-970,11,7,4,0,0,0,0
8810083126,True,1852,14055,14240,-185,14504,15309,-805,11,14,-3,0,0,0,1
8810082822,False,1386,11548,15736,-4188,12702,16936,-4234,9,10,-1,0,0,0,0
8810082780,True,2596,16995,16932,63,17417,17852,-435,13,10,3,0,0,0,1
8810082756,True,1909,14334,16524,-2190,15473,17031,-1558,10,12,-2,0,0,0,1
8810082598,False,1853,14001,16799,-2798,15128,17740,-2612,12,11,1,0,0,0,0
8810082252,True,1654,13440,12352,1088,15591,14575,1016,11,10,1,0,0,0,0
8810082196,True,3341,14097,17580,-3483,14841,20020,-5179,11,12,-1,0,0,0,1
8810081984,False,3373,15566,17889,-2323,15959,17457,-1498,11,8,3,0,1,-1,0
8810081834,True,2360,14795,15028,-233,15525,16119,-594,10,11,-1,0,0,0,1
8810081690,False,2530,14771,16307,-1536,16812,17377,-565,6,11,-5,0,0,0,0
8810081510,False,2622,14708,13160,1548,15687,14776,911,12,11,1,0,0,0,1
8810081419,True,2123,18075,15035,3040,19140,15119,4021,10,11,-1,1,0,1,0
8810081364,False,2638,12802,17300,-4498,12570,18099,-5529,13,9,4,0,1,-1,1
8810081351,True,1794,14861,14757,104,16901,16165,736,16,13,3,1,0,1,0
8810081291,False,3294,12577,17979,-5402,14267,18018,-3751,10,14,-4,0,0,0,0
8810081120,False,2061,14814,15050,-236,14578,15502,-924,13,14,-1,0,0,0,1
8810080995,False,4068,15226,16527,-1301,15478,16352,-874,7,12,-5,0,1,-1,1
8810080908,False,4136,16328,16287,41,17162,16009,1153,7,15,-8,1,1,0,1
8810080801,True,2283,16019,13819,2200,17152,14858,2294,9,7,2,0,0,0,1
8810080799,False,2384,15073,13518,1555,16747,16589,158,12,12,0,0,0,0,1
8810080753,False,1997,15159,16198,-1039,15233,16940,-1707,7,9,-2,0,0,0,1
8810080737,False,2193,12502,17271,-4769,13485,17174,-3689,12,8,4,0,2,-2,1
8810080689,True,3159,17036,15395,1641,18888,16623,2265,7,8,-1,0,0,0,1
8810080668,True,2089,15891,14682,1209,16447,15614,833,9,9,0,1,0,1,1
8810080431,True,2284,16804,15802,1002,17465,16998,467,10,9,1,0,0,0,1
8810080307,True,1924,17310,13898,3412,17460,14409,3051,14,11,3,1,0,1,1
8810080223,True,1826,16032,10551,5481,17199,11209,5990,6,7,-1,1,0,1,1
8810080147,False,2827,15294,14256,1038,15761,15244,517,15,15,0,0,0,0,0
8810080112,True,2330,16517,15499,1018,17455,15674,1781,9,7,2,1,0,1,0
8810079933,True,2138,17095,11719,5376,17871,12797,5074,9,10,-1,2,0,2,1
8810079916,False,1981,15685,16763,-1078,16415,17766,-1351,10,9,1,0,0,0,0
8810079522,True,1601,16238,13579,2659,16761,14772,1989,11,12,-1,0,0,0,0
8810079386,True,2709,12790,16851,-4061,14195,17183,-2988,10,10,0,0,1,-1,0
8810079061,False,2480,14322,15652,-1330,13801,18256,-4455,15,14,1,0,0,0,1
8810078922,True,1868,16345,14930,1415,16203,14902,1301,9,10,-1,0,0,0,0
8810078830,False,2319,16446,15870,576,16613,16570,43,9,9,0,0,0,0,1
8810078669,False,4163,14284,13034,1250,15867,14668,1199,12,12,0,0,0,0,1
8810078441,True,1663,16048,14675,1373,17306,15856,1450,12,9,3,0,0,0,1
8810078291,False,3667,15483,13298,2185,17027,13662,3365,11,10,1,0,0,0,1
8810078266,True,1954,16099,14966,1133,15790,15409,381,10,12,-2,1,1,0,1
8810078186,True,2095,14762,17218,-2456,16441,17656,-1215,12,8,4,0,0,0,0
8810077836,True,1275,17520,11867,5653,17685,13480,4205,10,8,2,0,0,0,0
8810077754,False,2543,16586,14555,2031,17062,15814,1248,9,13,-4,0,0,0,1
8810077554,True,1987,15847,15294,553,16647,16303,344,11,10,1,0,0,0,1
8810077355,True,3292,14578,15475,-897,15805,17374,-1569,11,12,-1,0,0,0,1
8810077121,False,2182,15344,16093,-749,16319,16514,-195,12,12,0,0,0,0,0
8810077063,False,2408,12606,15629,-3023,14089,17169,-3080,10,14,-4,0,0,0,1
8810076857,False,2900,15174,16531,-1357,14995,17479,-2484,13,10,3,0,0,0,1
8810076724,False,3494,15713,14450,1263,16892,16173,719,14,9,5,0,0,0,0
8810076462,False,2200,13285,14674,-1389,14031,17043,-3012,13,14,-1,0,0,0,1
8810076278,False,2733,17127,12982,4145,17891,14729,3162,16,10,6,0,0,0,1
8810076192,True,1260,16271,12950,3321,17795,13927,3868,9,9,0,0,0,0,1
8810076156,True,2478,13409,14556,-1147,15074,16129,-1055,15,11,4,0,0,0,0
8810076135,False,2000,15940,14213,1727,17047,14657,2390,10,10,0,0,0,0,1
8810076022,True,1549,16653,13723,2930,17593,13973,3620,11,12,-1,1,0,1,0
8810075796,True,2726,14872,16040,-1168,14642,14664,-22,8,7,1,1,1,0,0
8810075464,False,3175,15198,16256,-1058,15552,16719,-1167,14,10,4,0,0,0,1
8810075184,True,2060,15577,15588,-11,15790,16180,-390,12,13,-1,0,0,0,0
8810075132,True,2928,14765,15502,-737,16841,16006,835,11,9,2,0,0,0,1
8810075131,True,1998,16975,13473,3502,18474,14506,3968,12,13,-1,0,0,0,1
8810075129,False,2004,16118,15032,1086,18292,15707,2585,9,12,-3,0,0,0,0
8810074966,False,1851,12684,14605,-1921,14224,16540,-2316,10,9,1,0,0,0,0
8810074907,True,3795,12912,14654,-1742,14551,16370,-1819,12,11,1,0,0,0,1
8810074850,True,1753,17067,15220,1847,16565,14988,1577,11,10,1,1,0,1,0
8810074773,False,2117,14003,17154,-3151,15268,18462,-3194,9,10,-1,0,0,0,0
8810074753,False,3439,15057,14782,275,15985,15988,-3,6,11,-5,0,0,0,1
8810074732,False,1845,15015,16192,-1177,16483,18936,-2453,10,13,-3,0,0,0,0
8810074261,True,3010,15637,14129,1508,16331,15383,948,11,5,6,0,0,0,0
8810074070,False,2323,15830,14161,1669,17489,15661,1828,11,13,-2,1,0,1,1
8810074046,False,2120,17533,15550,1983,18737,17458,1279,6,10,-4,0,0,0,0
8810074043,True,2047,14468,15457,-989,15763,16628,-865,10,10,0,0,0,0,0
8810074006,False,2403,13755,16764,-3009,14190,17453,-3263,11,11,0,0,1,-1,0
8810074002,False,2386,15928,16657,-729,17849,18330,-481,13,14,-1,0,0,0,1
8810073954,False,2168,14794,18087,-3293,14827,18929,-4102,11,8,3,0,1,-1,1
8810073876,False,2067,14769,13691,1078,15971,15758,213,13,5,8,0,0,0,1
8810073820,False,1972,13601,14140,-539,14912,14806,106,10,11,-1,1,0,1,1
8810073728,False,3290,16763,13819,2944,18109,15047,3062,11,9,2,1,0,1,1
8810073583,False,3920,14032,15677,-1645,13964,17313,-3349,10,11,-1,0,0,0,0
8810073567,True,2132,16243,14974,1269,17448,15545,1903,10,14,-4,0,0,0,0
8810073483,True,2310,16752,13809,2943,18606,14414,4192,11,10,1,0,1,-1,1
8810073373,True,2205,16063,12315,3748,17206,12778,4428,6,11,-5,1,0,1,0
8810073220,False,3507,16223,16008,215,17084,16238,846,15,11,4,0,0,0,1
8810073213,False,3421,15125,19896,-4771,14898,17778,-2880,16,12,4,0,2,-2,0
8810073091,False,2042,15797,15327,470,17031,16651,380,12,12,0,0,0,0,1
8810073068,True,1838,15269,15213,56,15124,16437,-1313,5,11,-6,1,0,1,1
8810073037,False,3171,15426,17743,-2317,16635,18193,-1558,15,11,4,0,0,0,1
8810072966,False,1863,14018,15832,-1814,15026,16678,-1652,4,9,-5,0,1,-1,1
8810072925,True,3393,16515,12682,3833,18256,13997,4259,7,7,0,0,0,0,1
8810072694,False,2095,15539,16385,-846,15467,18085,-2618,11,10,1,0,0,0,1
8810072672,False,2335,13910,14951,-1041,15773,15179,594,12,14,-2,0,0,0,0
8810072573,False,3024,14950,13790,1160,17199,15482,1717,7,8,-1,0,0,0,1
8810072540,True,2769,12553,16088,-3535,14781,17225,-2444,12,7,5,0,0,0,0
8810072481,False,1921,13467,16573,-3106,15465,17861,-2396,8,11,-3,0,0,0,0
8810072480,True,2304,16522,12989,3533,16482,13171,3311,10,16,-6,0,0,0,1
8810072253,True,1615,16979,13904,3075,17578,14834,2744,13,12,1,0,0,0,1
8810071911,True,2430,16721,13681,3040,17666,14609,3057,12,8,4,0,0,0,0
8810071901,True,1607,19033,13835,5198,18109,14223,3886,11,13,-2,2,0,2,1
8810071876,True,2498,14703,16150,-1447,15720,17896,-2176,9,10,-1,0,0,0,0
8810071702,True,1478,18295,12830,5465,16670,15139,1531,8,10,-2,1,0,1,1
8810071692,True,2369,16213,15274,939,17128,17362,-234,8,6,2,1,0,1,0
8810071587,False,2335,14679,13966,713,15161,14527,634,13,9,4,0,0,0,1
8810071548,True,1772,14811,12578,2233,16492,13572,2920,12,11,1,0,0,0,0
8810071496,False,2974,16610,14410,2200,17517,16455,1062,12,7,5,1,0,1,1
8810071394,True,1736,15940,12625,3315,16119,14283,1836,10,5,5,1,0,1,1
8810071355,True,2499,16656,15188,1468,16054,16378,-324,8,11,-3,0,0,0,1
8810071303,False,2492,15504,14429,1075,16720,15297,1423,10,11,-1,0,1,-1,1
8810071284,True,1533,20843,12362,8481,18663,13296,5367,15,8,7,1,0,1,0
8810071060,True,1187,18477,12212,6265,19214,12431,6783,8,7,1,2,0,2,1
8810070844,True,2748,17035,14122,2913,17253,14973,2280,15,10,5,0,0,0,1
8810070706,False,1650,14142,17703,-3561,15135,17508,-2373,10,6,4,0,2,-2,0
8810070687,False,1928,13306,18252,-4946,15482,19153,-3671,14,12,2,0,2,-2,0
8810070562,True,1443,16047,11987,4060,15992,13642,2350,9,8,1,1,0,1,0
8810070118,False,2897,17476,15856,1620,17423,16065,1358,12,9,3,2,0,2,1
8810070071,True,2327,14217,12329,1888,15724,14408,1316,12,12,0,0,0,0,0
8810069963,True,2684,14933,13036,1897,15957,15262,695,5,8,-3,0,0,0,1
8810069898,False,3211,16036,15999,37,16789,16190,599,13,8,5,1,1,0,1
8810069858,True,1824,16712,13027,3685,17831,15322,2509,9,10,-1,0,0,0,0
8810069717,True,3264,13474,17202,-3728,13217,18153,-4936,10,12,-2,0,0,0,0
8810069516,True,2476,14029,16974,-2945,14449,16502,-2053,12,10,2,1,1,0,1
8810069485,False,2140,16668,18152,-1484,18353,17484,869,12,10,2,0,2,-2,0
8810069368,True,2330,15833,15948,-115,15566,17665,-2099,12,9,3,0,1,-1,0
8810069355,True,1850,14669,15069,-400,15572,16904,-1332,11,12,-1,1,0,1,0
8810069151,True,1546,15847,13788,2059,16889,13934,2955,8,12,-4,0,0,0,0
8810068828,True,1907,16559,15224,1335,16923,15481,1442,10,9,1,1,0,1,1
8810068804,True,1748,14557,15806,-1249,16333,17456,-1123,10,12,-2,0,0,0,1
8810068511,True,2683,15409,17638,-2229,15673,18063,-2390,7,6,1,0,0,0,1
8810068488,True,1974,16769,14895,1874,17919,17402,517,15,14,1,0,0,0,1
8810068341,True,1602,16999,11918,5081,18785,13075,5710,9,14,-5,1,0,1,1
8810068187,True,2027,17441,15194,2247,18367,14765,3602,12,15,-3,0,1,-1,1
8810068183,False,3195,16523,16722,-199,18119,17679,440,10,11,-1,0,0,0,1
8810068132,False,2003,15700,14867,833,16351,15603,748,14,9,5,0,0,0,1
8810068126,False,2025,15177,16637,-1460,15280,18080,-2800,13,13,0,0,1,-1,1
8810068080,True,2906,14122,15256,-1134,14687,16601,-1914,7,13,-6,1,0,1,1
8810068038,False,3475,15110,13617,1493,16089,14353,1736,15,12,3,0,0,0,1
8810068000,False,1802,13430,17017,-3587,14286,18391,-4105,6,12,-6,0,0,0,0
8810067862,False,1479,14900,15268,-368,17631,17756,-125,10,8,2,0,0,0,0
8810067859,False,3144,16170,16529,-359,18213,18674,-461,11,9,2,0,0,0,0
8810067746,True,2720,15252,16261,-1009,15927,16673,-746,11,11,0,1,0,1,1
8810067689,False,2053,13624,17149,-3525,13398,18525,-5127,13,11,2,0,0,0,0
8810067500,True,1812,15138,14893,245,15889,16456,-567,10,7,3,0,0,0,0
8810067434,False,1715,13097,15772,-2675,13390,15730,-2340,13,7,6,0,0,0,1
8810067172,True,969,17803,11636,6167,20201,13759,6442,15,13,2,0,0,0,1
8810067167,False,2899,13405,16020,-2615,14720,16418,-1698,13,9,4,0,0,0,0
8810067113,False,2739,16183,13822,2361,16259,14881,1378,10,12,-2,0,0,0,0
8810066870,True,1912,13322,14440,-1118,15188,15556,-368,10,9,1,0,0,0,0
8810066456,True,1909,14979,13652,1327,16500,13698,2802,11,10,1,0,0,0,0
8810066435,True,1472,17114,14906,2208,17220,14961,2259,13,14,-1,0,1,-1,0
8810066219,False,1513,14264,18293,-4029,15585,19354,-3769,11,11,0,0,0,0,0
8810066079,True,2243,13898,14200,-302,14894,14596,298,5,9,-4,0,0,0,1
8810065948,True,1887,19032,12182,6850,18735,12897,5838,8,11,-3,1,0,1,1
8810065769,False,2643,15596,14141,1455,16668,15389,1279,9,8,1,0,0,0,1
8810065622,False,3308,14556,16680,-2124,15069,17765,-2696,11,10,1,1,0,1,0
8810065521,False,2751,13887,14623,-736,14948,15727,-779,11,11,0,0,0,0,1
8810065432,True,1975,15576,15279,297,16237,16327,-90,13,10,3,0,0,0,1
8810065414,True,3632,14337,14848,-511,14532,16618,-2086,9,10,-1,0,0,0,0
8810065362,True,2603,15696,15800,-104,17314,16992,322,12,12,0,0,0,0,1
8810065335,True,2186,15042,13895,1147,15777,15833,-56,9,9,0,0,0,0,0
8810065248,False,2744,11868,14494,-2626,14095,16184,-2089,11,10,1,0,0,0,0
8810065061,False,1958,14041,15863,-1822,14087,16387,-2300,8,8,0,0,0,0,0
8810064973,False,2017,13334,15680,-2346,15429,17484,-2055,11,9,2,0,0,0,0
8810064965,True,1784,16242,13217,3025,16875,13798,3077,13,11,2,2,0,2,0
8810064842,True,2199,12781,14928,-2147,14126,15260,-1134,11,7,4,0,0,0,0
8810064765,False,1690,15246,12877,2369,16459,15571,888,8,7,1,0,0,0,0
8810064635,False,2607,17610,15483,2127,20220,16522,3698,8,8,0,0,0,0,1
8810064499,True,2099,15164,13808,1356,15064,14963,101,14,12,2,0,0,0,1
8810064461,False,1853,15475,17973,-2498,16268,18255,-1987,8,6,2,1,1,0,0
8810064284,True,2317,14923,16916,-1993,15438,18508,-3070,8,16,-8,0,0,0,1
8810064156,False,3284,14758,12730,2028,16410,14472,1938,5,7,-2,0,0,0,0
8810064151,False,2075,14664,15762,-1098,15273,16171,-898,8,14,-6,0,0,0,1
8810063901,True,2213,16680,13197,3483,17171,14414,2757,11,12,-1,1,0,1,0
8810063810,False,3123,14426,15719,-1293,15301,15977,-676,13,15,-2,1,1,0,0
8810063668,True,3211,13472,16001,-2529,15188,16260,-1072,13,13,0,0,0,0,0
8810063173,False,2225,15737,15019,718,16581,16004,577,10,16,-6,0,0,0,1
8810063130,True,1920,17366,15786,1580,17866,16949,917,14,13,1,0,1,-1,0
8810062952,False,2200,16594,14250,2344,17239,15561,1678,12,13,-1,0,0,0,1
8810062892,False,2421,12881,16877,-3996,13952,18657,-4705,13,12,1,0,0,0,1
8810062890,False,1460,14228,17658,-3430,14909,19199,-4290,11,14,-3,0,1,-1,0
8810062587,True,1186,18255,14475,3780,19005,15007,3998,9,8,1,0,0,0,0
8810062537,False,2258,14429,16883,-2454,15540,17356,-1816,12,11,1,0,1,-1,0
8810062410,True,2003,15898,15030,868,17218,15773,1445,10,7,3,0,0,0,0
8810062388,True,2542,16178,15363,815,16369,15204,1165,11,8,3,1,0,1,1
8810062293,True,1663,17590,12744,4846,17933,12721,5212,12,10,2,0,0,0,1
8810062176,True,1835,20460,15698,4762,21230,16808,4422,14,9,5,1,0,1,1
8810062021,False,2903,16119,15992,127,15364,16475,-1111,12,10,2,1,1,0,1
8810061992,True,2675,14809,13150,1659,15946,14182,1764,10,11,-1,0,0,0,0
8810061764,False,3983,16307,17138,-831,16944,17479,-535,11,12,-1,0,0,0,1
8810061658,True,2051,16497,15509,988,17603,16078,1525,12,12,0,0,0,0,1
8810061649,True,2661,16344,12965,3379,17764,13135,4629,10,12,-2,0,0,0,1
8810061570,False,3055,15339,15445,-106,16340,16951,-611,15,10,5,0,0,0,1
8810061531,False,2487,13071,14585,-1514,14813,15098,-285,8,8,0,0,0,0,0
8810060979,True,2004,16407,12419,3988,18349,12965,5384,8,9,-1,0,0,0,1
8810060746,True,3376,14795,14834,-39,15361,15618,-257,17,9,8,0,0,0,0
8810060721,True,2244,16044,15836,208,16381,16452,-71,9,9,0,0,0,0,0
8810060631,False,1722,14220,15205,-985,15823,15986,-163,7,12,-5,0,0,0,1
8810060622,False,2507,14459,15059,-600,15206,16630,-1424,10,13,-3,0,0,0,0
8810060612,True,2150,13685,14776,-1091,15219,16285,-1066,9,9,0,0,0,0,1
8810060578,True,2854,12947,15576,-2629,13598,16108,-2510,10,11,-1,0,0,0,0
8810060503,False,2662,14643,15851,-1208,15750,16492,-742,17,13,4,0,1,-1,1
8810060286,False,3146,15028,13184,1844,16073,15067,1006,10,10,0,0,0,0,1
8810060238,True,2160,14592,12722,1870,16485,13954,2531,10,13,-3,0,0,0,0
8810060194,False,2002,16952,14597,2355,18268,15555,2713,8,12,-4,0,0,0,0
8810060096,False,2657,13865,13434,431,14529,15441,-912,6,10,-4,0,0,0,1
8810060088,False,2148,13988,16942,-2954,14577,16733,-2156,9,7,2,0,0,0,1
8810059976,False,1936,15088,15506,-418,16685,15767,918,11,13,-2,0,0,0,0
8810059941,True,4073,17915,15887,2028,21458,18090,3368,8,11,-3,0,0,0,1
8810059715,True,2664,13734,15996,-2262,14830,16117,-1287,11,10,1,1,0,1,0
8810059697,False,2195,13835,17245,-3410,16286,16918,-632,11,14,-3,0,2,-2,0
8810059412,True,1651,15887,14429,1458,15802,15607,195,10,13,-3,1,0,1,1
8810059337,True,1787,17962,14306,3656,19616,15568,4048,9,10,-1,1,0,1,1
8810059226,True,2377,15065,13428,1637,15239,15205,34,12,9,3,1,0,1,0
8810059031,False,2161,15379,16442,-1063,15908,17032,-1124,10,13,-3,0,0,0,1
8810058964,True,1365,17361,16266,1095,19102,16597,2505,7,10,-3,0,0,0,1
8810058869,True,2893,14760,13454,1306,16195,14759,1436,12,12,0,0,0,0,0
8810058837,True,3557,15086,16461,-1375,15642,16294,-652,11,12,-1,0,1,-1,0
8810058509,True,2301,15351,14477,874,16148,15240,908,9,8,1,2,0,2,0
8810058440,True,2524,14280,17949,-3669,14323,17962,-3639,12,11,1,0,0,0,0
8810058341,True,1643,17201,12038,5163,16431,13199,3232,10,9,1,1,0,1,1
8810058218,True,2303,14908,16580,-1672,16286,17217,-931,8,6,2,0,1,-1,0
8810058192,True,3079,15751,15411,340,17071,16378,693,11,13,-2,0,0,0,0
8810058091,False,1545,14902,14551,351,14608,16006,-1398,12,12,0,0,1,-1,1
8810058023,False,2363,14552,13487,1065,15932,14662,1270,11,12,-1,0,0,0,1
8810057985,False,2995,16084,15772,312,16723,17418,-695,14,14,0,0,0,0,0
8810057894,False,2597,17444,16794,650,19993,18180,1813,11,10,1,1,0,1,0
8810057619,False,1726,15173,17828,-2655,15849,18817,-2968,10,12,-2,0,1,-1,0
8810057511,True,1642,17047,16117,930,17989,17894,95,12,10,2,0,0,0,0
8810056914,True,1747,16892,12964,3928,18797,15131,3666,10,13,-3,0,0,0,1
8810056901,True,3521,13593,14445,-852,14928,16183,-1255,11,10,1,0,0,0,1
8810056868,True,2057,15813,16381,-568,17011,17244,-233,16,12,4,0,0,0,0
8810056859,True,1414,16433,12654,3779,16483,14503,1980,10,10,0,1,0,1,0
8810056762,False,2488,14646,15833,-1187,16854,16906,-52,12,10,2,0,0,0,1
8810056675,False,2994,15282,14955,327,15137,15352,-215,14,11,3,0,0,0,1
8810056483,True,1598,16660,13827,2833,16925,14241,2684,9,9,0,0,0,0,0
8810056461,False,2836,15124,13112,2012,16045,15598,447,10,10,0,0,0,0,1
8810056208,True,2017,16998,13237,3761,17533,14007,3526,11,15,-4,1,0,1,1
8810055406,False,2626,16201,13878,2323,16880,15303,1577,11,12,-1,0,0,0,1
8810055377,True,2158,15997,14046,1951,16261,13870,2391,10,10,0,2,0,2,0
8810055315,False,2064,14245,16230,-1985,16821,15212,1609,11,11,0,0,1,-1,1
8810055308,True,2059,17512,15844,1668,19138,16940,2198,13,6,7,0,0,0,1
8810055036,True,2008,15270,15078,192,16545,15362,1183,12,12,0,0,0,0,1
8810054982,False,2437,11557,14899,-3342,13779,15727,-1948,11,12,-1,0,1,-1,0
8810054834,True,1891,14446,12752,1694,14391,13107,1284,6,7,-1,1,0,1,1
8810054643,False,2178,13331,16563,-3232,13655,17507,-3852,13,10,3,0,1,-1,0
8810054610,False,1939,14008,17351,-3343,14873,18606,-3733,13,9,4,0,0,0,0
8810054588,True,1832,14015,14256,-241,15630,15571,59,11,14,-3,0,0,0,0
8810054505,True,1692,18032,12042,5990,17010,11105,5905,12,11,1,3,0,3,1
8810054484,True,2468,13598,15857,-2259,16164,15966,198,13,13,0,0,0,0,1
8810054483,True,1802,15653,15981,-328,16155,18176,-2021,13,15,-2,0,0,0,1
8810054460,True,2580,15588,15410,178,16434,14714,1720,11,11,0,1,1,0,1
8810054454,True,1939,15906,12384,3522,17447,12824,4623,13,3,10,0,0,0,1
8810054395,False,2720,16230,14346,1884,17375,14477,2898,9,11,-2,0,0,0,0
8810054307,True,1555,15948,13240,2708,17722,15535,2187,13,15,-2,0,0,0,1
8810054222,True,2422,16576,15884,692,17812,16752,1060,15,10,5,0,0,0,1
8810054094,False,2129,13834,16128,-2294,16106,16680,-574,8,10,-2,0,0,0,0
8810053961,True,1577,16802,12640,4162,16420,13973,2447,10,6,4,1,0,1,1
8810053922,True,3088,14395,14384,11,16020,15999,21,7,9,-2,0,0,0,1
8810053869,True,2170,14786,15672,-886,14444,16515,-2071,12,11,1,0,1,-1,0
8810053686,True,2013,14883,15015,-132,15871,14629,1242,10,11,-1,1,0,1,1
8810053630,False,3085,15582,14746,836,16762,15806,956,12,12,0,1,0,1,1
8810053521,False,3444,15548,16369,-821,16512,16286,226,10,10,0,0,1,-1,0
8810053450,False,2874,14175,15167,-992,16340,17508,-1168,11,8,3,0,0,0,0
8810053320,False,2341,16505,14443,2062,16600,15110,1490,14,11,3,0,0,0,0
8810053233,False,2247,15515,16150,-635,16381,16855,-474,15,13,2,0,0,0,1
8810053173,True,2061,13820,15426,-1606,15024,15778,-754,12,10,2,0,0,0,1
8810053158,False,2373,15637,13370,2267,16054,13902,2152,6,12,-6,0,0,0,0
8810052769,False,2179,15864,13892,1972,16057,14273,1784,16,14,2,0,0,0,0
8810052741,True,2134,14904,16145,-1241,16272,16716,-444,10,8,2,0,0,0,0
8810052646,True,3214,15509,15080,429,16308,16173,135,16,13,3,0,0,0,0
8810052500,True,1509,18400,14194,4206,18819,14903,3916,8,9,-1,1,0,1,0
8810052272,True,2399,16343,15608,735,16449,17622,-1173,10,11,-1,0,0,0,0
8810052266,True,2683,13178,15508,-2330,14342,15898,-1556,4,11,-7,0,0,0,0
8810052252,True,2452,15431,13749,1682,16773,14666,2107,8,9,-1,0,0,0,1
8810052248,True,3094,16337,15868,469,16816,16747,69,14,13,1,0,0,0,1
8810052241,False,2361,16242,14717,1525,16924,14135,2789,12,12,0,0,0,0,0
8810052051,True,2227,16235,14451,1784,15495,15288,207,11,16,-5,0,0,0,0
8810051987,False,2679,18133,18790,-657,18108,19542,-1434,14,10,4,1,1,0,1
8810051770,True,2007,14076,14039,37,14977,15091,-114,11,7,4,0,0,0,1
8810051712,False,3058,13405,17512,-4107,14060,18037,-3977,14,10,4,0,0,0,0
8810051620,True,2540,14191,14385,-194,16237,14780,1457,12,12,0,0,0,0,0
8810051578,True,2301,17332,14567,2765,16287,15904,383,11,10,1,1,0,1,1
8810051566,True,1885,16196,12517,3679,17103,13350,3753,12,14,-2,0,0,0,0
8810051492,True,1930,16016,14350,1666,18504,14903,3601,9,12,-3,0,0,0,0
8810051426,True,2148,14082,15429,-1347,13286,15897,-2611,10,12,-2,0,0,0,0
8810051091,True,2634,13822,13319,503,15150,14704,446,10,9,1,0,0,0,1
8810051001,True,2470,17070,14201,2869,17255,13924,3331,10,9,1,0,0,0,1
8810050978,True,1966,14605,12606,1999,15810,13622,2188,7,7,0,1,0,1,0
8810050688,True,2305,14862,13545,1317,15014,14523,491,8,8,0,0,0,0,0
8810050633,True,2079,14716,15168,-452,16881,16865,16,8,12,-4,0,0,0,1
8810050594,True,2486,16205,14036,2169,17738,15283,2455,12,13,-1,0,0,0,0
8810050503,False,2545,13900,15394,-1494,15002,15252,-250,15,9,6,0,0,0,0
8810050487,False,2076,15369,15246,123,16531,16266,265,10,8,2,0,0,0,0
8810050299,True,1779,16534,14042,2492,19002,14978,4024,14,12,2,1,0,1,1
8810050276,False,2044,14438,17993,-3555,14459,19018,-4559,10,9,1,0,1,-1,0
8810050273,True,2418,14740,14601,139,14874,16038,-1164,10,6,4,1,0,1,1
8810049879,True,1892,14138,14730,-592,15871,14674,1197,9,9,0,0,0,0,0
8810049826,False,4244,14839,14158,681,15497,14013,1484,9,14,-5,1,0,1,1
8810049726,True,3993,17383,13655,3728,18321,14382,3939,8,10,-2,0,0,0,1
8810049720,True,2462,14357,15907,-1550,15509,17103,-1594,15,9,6,0,0,0,1
8810049649,True,3046,13886,15595,-1709,14468,16029,-1561,11,16,-5,0,1,-1,1
8810049488,True,1498,16666,13541,3125,18176,14959,3217,13,12,1,0,0,0,1
8810049256,True,1542,16050,12936,3114,16457,14388,2069,13,13,0,0,0,0,1
8810049135,False,1740,11063,16055,-4992,11548,17510,-5962,13,14,-1,0,0,0,1
8810049008,False,2252,13950,14511,-561,15653,15224,429,12,11,1,0,0,0,0
8810048954,True,3113,16366,14058,2308,17121,14839,2282,8,10,-2,0,0,0,1
8810048836,False,2932,14831,15926,-1095,14148,17016,-2868,12,10,2,0,0,0,0
8810048788,False,2062,12945,15269,-2324,14363,15060,-697,11,8,3,0,0,0,0
8810048659,False,2394,17261,14257,3004,17167,15221,1946,8,9,-1,0,0,0,0
8810048384,False,2011,16985,14872,2113,16380,16170,210,13,11,2,0,0,0,1
8810048376,False,1435,16814,17379,-565,18436,18831,-395,11,11,0,0,1,-1,0
8810048186,False,2211,14433,14936,-503,15495,16721,-1226,9,13,-4,0,0,0,0
8810048167,True,1741,16394,13784,2610,17388,15666,1722,13,7,6,0,0,0,1
8810048081,True,2146,14996,15928,-932,16463,15822,641,14,12,2,0,0,0,0
8810048044,False,994,13819,17807,-3988,13502,20719,-7217,7,13,-6,0,0,0,1
8810047850,False,1792,14315,16538,-2223,14623,18177,-3554,13,10,3,0,0,0,0
8810047676,True,5694,15648,13906,1742,16716,15092,1624,12,12,0,0,0,0,1
8810047670,True,1761,17814,14342,3472,18234,15414,2820,12,13,-1,0,0,0,1
8810047450,True,3724,16356,14560,1796,15660,16302,-642,9,12,-3,1,0,1,1
8810047339,True,2780,16223,15969,254,15688,16546,-858,13,8,5,0,0,0,1
8810046960,False,2876,11968,15194,-3226,13299,16823,-3524,10,16,-6,0,0,0,1
8810046920,True,2950,13734,14599,-865,15950,15035,915,11,10,1,0,0,0,1
8810046839,False,2911,17401,12670,4731,19347,13505,5842,11,10,1,0,0,0,1
8810046830,False,1909,14749,13254,1495,16563,15349,1214,13,13,0,0,0,0,1
8810046713,False,1854,14910,14525,385,15496,13980,1516,16,10,6,1,0,1,0
8810046206,True,2512,12344,17583,-5239,14133,18024,-3891,12,12,0,0,0,0,0
8810046170,False,2256,16292,17573,-1281,14794,19492,-4698,9,7,2,0,0,0,1
8810046144,True,1439,16571,11570,5001,17721,12367,5354,11,10,1,0,0,0,1
8810046024,False,2043,15587,16587,-1000,15544,17357,-1813,14,10,4,0,1,-1,1
8810045951,False,3596,16107,15972,135,15205,16526,-1321,9,6,3,0,0,0,1
8810045905,True,4161,13329,16684,-3355,13670,17657,-3987,11,10,1,0,0,0,0
8810045707,False,3418,16820,15111,1709,17081,14738,2343,13,13,0,1,1,0,0
8810045654,False,1197,13286,18836,-5550,13360,20081,-6721,9,8,1,0,1,-1,0
8810045566,True,2627,16284,14276,2008,15381,16309,-928,12,14,-2,2,0,2,1
8810045524,False,2046,12999,16604,-3605,12882,16375,-3493,11,10,1,0,1,-1,1
8810045357,True,1778,14473,14695,-222,15742,16631,-889,12,10,2,0,1,-1,1
8810045349,False,2574,13638,15037,-1399,14199,16200,-2001,6,7,-1,0,0,0,0
8810045224,False,2329,13843,15443,-1600,14699,18355,-3656,10,9,1,0,0,0,0
8810045204,False,3930,14529,14915,-386,15073,15509,-436,8,8,0,1,1,0,0
8810045159,True,2242,14696,14343,353,15927,16472,-545,9,9,0,0,1,-1,1
8810045015,True,2124,15231,13592,1639,16592,15214,1378,13,8,5,0,0,0,1
8810044960,False,1648,11969,16690,-4721,13338,17299,-3961,11,11,0,0,0,0,1
8810044856,False,3738,14823,15564,-741,16018,17215,-1197,9,8,1,0,0,0,0
8810044791,True,1564,16036,13956,2080,17188,14684,2504,16,11,5,1,0,1,0
8810044655,True,2012,16062,16039,23,17467,17187,280,15,10,5,0,0,0,1
8810044626,True,3007,13632,16438,-2806,14616,17417,-2801,12,9,3,0,0,0,0
8810044547,True,1770,17187,12837,4350,17033,14681,2352,5,9,-4,1,0,1,1
8810044502,False,2078,14863,14998,-135,16203,17589,-1386,11,9,2,0,1,-1,0
8810044336,False,1673,12836,14703,-1867,13819,15321,-1502,16,12,4,0,0,0,0
8810044190,True,1925,14524,14218,306,15321,15882,-561,11,14,-3,0,0,0,0
8810044080,True,2007,14817,15329,-512,15257,17860,-2603,13,13,0,0,0,0,0
8810044033,False,2176,13231,14648,-1417,14341,16468,-2127,9,10,-1,0,0,0,0
8810043838,True,2500,16213,14609,1604,16436,15658,778,8,9,-1,1,0,1,0
8810043789,False,2105,13993,14120,-127,15162,14237,925,13,11,2,0,0,0,0
8810043772,False,2236,14183,15534,-1351,13782,17103,-3321,8,9,-1,0,1,-1,1
8810043770,False,2696,15794,14022,1772,16351,14620,1731,13,11,2,0,0,0,0
8810043641,True,1907,15979,11628,4351,17243,13294,3949,11,10,1,0,0,0,1
8810043576,True,1627,15644,14869,775,16168,16200,-32,8,6,2,0,0,0,1
8810043368,True,3181,15441,15821,-380,14854,16174,-1320,8,11,-3,1,0,1,1
8810043355,True,3212,14634,16820,-2186,16217,17710,-1493,11,11,0,0,0,0,1
8810043296,False,4503,13917,14236,-319,14752,15785,-1033,12,10,2,0,0,0,1
8810043074,True,2640,16023,14087,1936,17024,15570,1454,12,8,4,2,0,2,1
8810042935,True,1702,15938,14769,1169,16703,15693,1010,11,8,3,0,0,0,1
8810042866,False,1370,13999,16001,-2002,15837,15963,-126,5,14,-9,0,0,0,0
8810042726,True,1314,18734,14692,4042,20003,14673,5330,15,13,2,1,0,1,1
8810042138,True,1522,15864,15357,507,17360,15463,1897,9,14,-5,1,0,1,0
8810042069,True,3224,14494,15330,-836,16736,16826,-90,11,11,0,0,0,0,0
8810042014,False,1908,14362,15299,-937,16104,17015,-911,13,12,1,0,0,0,0
8810041869,False,1615,13337,18066,-4729,14336,19705,-5369,13,9,4,1,0,1,0
8810041747,True,3895,14863,13716,1147,15617,14807,810,11,10,1,0,0,0,1
8810041676,True,2942,15223,15854,-631,16245,17573,-1328,12,13,-1,0,0,0,1
8810041410,False,2929,14003,14048,-45,14472,13560,912,15,11,4,0,0,0,1
8810041276,True,2230,17186,13507,3679,16920,14003,2917,12,11,1,1,0,1,1
8810041102,False,3126,16271,13950,2321,17097,16064,1033,10,13,-3,0,0,0,1
8810041041,True,1938,15955,14143,1812,17958,13963,3995,9,8,1,0,0,0,0
8810040663,False,3353,14531,18191,-3660,14495,17392,-2897,12,10,2,0,2,-2,1
8810040660,False,2751,13503,14587,-1084,16384,15375,1009,15,12,3,0,0,0,0
8810040640,False,2184,15319,15810,-491,16418,16687,-269,9,9,0,0,0,0,0
8810040586,False,3868,16222,13089,3133,15854,14216,1638,8,10,-2,1,0,1,1
8810040542,False,2285,14344,15453,-1109,15072,17179,-2107,9,15,-6,0,0,0,1
8810040465,False,1911,16886,16347,539,16760,16845,-85,9,10,-1,0,0,0,1
8810040448,False,2444,13628,16190,-2562,13984,16485,-2501,13,13,0,0,0,0,0
8810040273,True,2776,14440,13947,493,16264,15562,702,13,13,0,0,0,0,0
8810040196,False,2157,13934,15608,-1674,14783,16157,-1374,10,8,2,0,0,0,1
8810040166,False,1439,12648,16793,-4145,13149,18734,-5585,10,11,-1,0,0,0,0
8810039925,True,3044,14809,13864,945,16237,16906,-669,7,13,-6,0,0,0,1
8810039856,False,2409,14198,15406,-1208,14644,16463,-1819,13,13,0,0,0,0,0
8810039685,True,3218,14291,15862,-1571,15494,16346,-852,11,14,-3,0,0,0,1
8810039509,True,1703,15343,13069,2274,15781,14445,1336,12,17,-5,0,0,0,1
8810039502,False,3315,17115,10871,6244,17850,12431,5419,10,8,2,1,0,1,1
8810039332,False,2522,15073,13850,1223,14511,15092,-581,11,13,-2,0,0,0,0
8810039090,True,2225,14532,13433,1099,14784,14343,441,12,7,5,0,0,0,1
8810038938,False,2903,16379,13765,2614,16509,15673,836,9,9,0,1,0,1,1
8810038729,True,1755,17769,13691,4078,19178,13760,5418,11,8,3,1,0,1,1
8810038715,True,2360,16775,14767,2008,17223,15615,1608,11,13,-2,0,0,0,0
8810038536,True,2555,14500,16392,-1892,15728,17094,-1366,9,15,-6,0,0,0,1
8810038271,False,1877,12853,19085,-6232,12959,18637,-5678,15,14,1,0,1,-1,0
8810038248,False,1688,11689,16910,-5221,13823,16827,-3004,11,7,4,0,1,-1,0
8810038213,True,1149,15279,15324,-45,15758,15411,347,9,11,-2,1,0,1,0
8810038212,False,3543,14791,15259,-468,15693,15984,-291,15,10,5,0,0,0,1
8810038151,True,2598,16082,16472,-390,16455,17069,-614,9,11,-2,0,0,0,1
8810037973,False,3223,14889,16457,-1568,16291,18674,-2383,11,11,0,0,0,0,0
8810037788,False,1285,13867,17813,-3946,15609,17146,-1537,8,12,-4,0,0,0,0
8810037771,True,2777,15479,16459,-980,16415,19487,-3072,10,11,-1,0,0,0,1
8810037698,False,2564,16814,13915,2899,16165,14353,1812,15,11,4,1,0,1,0
8810037685,True,2289,16453,14264,2189,16423,14393,2030,7,10,-3,1,0,1,1
8810037545,True,1537,16114,11591,4523,15841,13610,2231,10,9,1,0,0,0,1
8810037490,True,2297,15243,13838,1405,15902,14532,1370,15,15,0,0,0,0,0
8810037294,True,2042,16342,16488,-146,18768,16460,2308,14,9,5,0,0,0,0
8810037286,False,2098,17824,18103,-279,20547,17615,2932,8,11,-3,0,0,0,0
8810037107,True,1762,17035,14096,2939,18128,14650,3478,12,10,2,1,0,1,1
8810037080,True,1578,15786,15129,657,15038,17424,-2386,12,9,3,1,0,1,0
8810036893,False,2563,17341,16801,540,17239,17942,-703,14,15,-1,0,0,0,1
8810036871,False,4241,14079,15633,-1554,14224,16629,-2405,14,12,2,0,0,0,0
8810036505,True,1127,18431,12665,5766,19977,13422,6555,11,9,2,1,0,1,0
8810036477,True,2431,17637,11761,5876,17690,11775,5915,10,9,1,0,0,0,0
8810036301,True,1299,18015,12563,5452,18074,13968,4106,14,11,3,0,0,0,1
8810036295,True,2921,18378,16415,1963,19251,16612,2639,18,13,5,0,0,0,0
8810036208,True,1984,14464,14670,-206,15267,15145,122,8,10,-2,0,0,0,1
8810036013,True,1566,16141,14270,1871,16965,14854,2111,10,11,-1,1,0,1,1
8810035883,True,1674,16570,13462,3108,19170,15575,3595,11,15,-4,0,0,0,1
8810035761,True,2208,15532,14838,694,15541,15459,82,17,10,7,0,0,0,1
8810035229,False,1676,13909,17085,-3176,14496,18709,-4213,13,10,3,0,1,-1,1
8810035057,True,1884,14824,16238,-1414,16042,16273,-231,12,13,-1,0,1,-1,0
8810035016,False,3021,16084,15401,683,16328,17843,-1515,14,10,4,0,0,0,1
8810034999,False,2202,13639,15312,-1673,14714,15780,-1066,9,10,-1,0,0,0,1
8810034674,False,2322,16996,14297,2699,17661,15217,2444,11,5,6,1,0,1,1
8810034669,True,2311,15353,13991,1362,17704,16012,1692,16,10,6,0,0,0,1
8810034338,True,2182,14368,11546,2822,15983,13462,2521,8,7,1,0,0,0,1
8810034322,True,2976,14835,14485,350,14979,14823,156,10,13,-3,0,0,0,1
8810034285,False,2050,14812,14689,123,15062,15775,-713,8,12,-4,0,0,0,0
8810034254,True,1873,14917,12202,2715,16187,13629,2558,5,9,-4,0,0,0,1
8810034121,True,2863,12602,16949,-4347,13285,17138,-3853,11,13,-2,0,1,-1,0
8810034120,True,1781,13451,13756,-305,14417,15950,-1533,8,8,0,0,0,0,1
8810034104,True,2734,11705,15115,-3410,13498,15735,-2237,9,9,0,0,1,-1,0
8810034016,False,3089,16432,12637,3795,16527,14488,2039,12,12,0,0,0,0,0
8810033997,False,2731,15321,13969,1352,17455,15992,1463,13,12,1,0,0,0,1
8810033976,True,1979,17008,11815,5193,18455,12788,5667,9,13,-4,0,0,0,0
8810033688,False,2009,13366,14919,-1553,14136,14935,-799,13,10,3,0,1,-1,0
8810033550,True,2543,14605,15297,-692,14455,16965,-2510,15,16,-1,0,0,0,1
8810033537,True,1992,17156,13285,3871,17932,14229,3703,13,10,3,1,0,1,1
8810033513,False,2116,13349,16763,-3414,13612,16877,-3265,14,11,3,0,1,-1,0
8810033502,True,3123,14271,15776,-1505,14461,15912,-1451,12,11,1,0,0,0,1
8810033358,True,1967,15494,15440,54,17351,14805,2546,10,14,-4,0,0,0,0
8810033054,False,2747,13024,16746,-3722,14516,16872,-2356,12,13,-1,0,0,0,1
8810032947,True,3410,12842,15360,-2518,14327,17295,-2968,11,8,3,0,0,0,0
8810032708,False,1456,13857,14758,-901,13783,15304,-1521,11,11,0,0,1,-1,0
8810032580,True,2637,14211,14078,133,14893,15700,-807,8,8,0,0,0,0,0
8810032491,False,2256,13621,13560,61,14537,14356,181,10,10,0,0,0,0,1
8810032420,True,2386,14184,16108,-1924,15820,16520,-700,13,4,9,0,1,-1,0
8810032386,True,2997,15395,15386,9,16037,17274,-1237,9,8,1,0,0,0,1
8810032376,True,2376,14250,16526,-2276,16510,15298,1212,8,11,-3,0,2,-2,0
8810032210,True,2509,15270,15540,-270,16542,16699,-157,10,14,-4,0,0,0,0
8810032019,True,1709,16353,12840,3513,17115,13087,4028,13,11,2,0,0,0,1
8810031805,True,3493,13003,16021,-3018,13305,17498,-4193,11,9,2,0,1,-1,1
8810031752,True,3119,15207,15795,-588,16061,17629,-1568,10,7,3,0,0,0,0
8810031565,True,2377,15594,15527,67,15708,15685,23,10,12,-2,0,0,0,1
8810031512,False,2006,14178,16940,-2762,15623,19205,-3582,11,11,0,0,1,-1,0
8810031485,True,2757,15382,16616,-1234,15623,18235,-2612,10,14,-4,0,0,0,1
8810031244,False,2090,14954,15110,-156,15739,14997,742,14,11,3,1,1,0,0
8810031227,True,1361,16651,13262,3389,18047,13464,4583,11,9,2,0,0,0,0
8810030984,True,1980,15756,14397,1359,17151,16431,720,13,14,-1,0,0,0,1
8810030830,True,1530,18903,12999,5904,18524,12609,5915,16,13,3,2,0,2,0
8810030596,False,3009,15128,13796,1332,15612,15266,346,5,6,-1,0,0,0,0
8810030586,True,2468,15255,15630,-375,15105,16140,-1035,10,13,-3,0,0,0,0
8810030552,True,3668,15955,15132,823,17132,16013,1119,11,11,0,0,0,0,0
8810030422,True,2068,17139,14775,2364,18250,16650,1600,9,10,-1,0,0,0,0
8810030238,True,1965,16607,12104,4503,17482,12506,4976,14,15,-1,1,0,1,1
8810030210,False,4067,16827,13378,3449,17574,13916,3658,10,8,2,1,0,1,1
8810029980,True,1946,18172,12003,6169,18358,13987,4371,9,10,-1,1,0,1,1
8810029965,False,2939,15538,15935,-397,18054,16722,1332,7,8,-1,0,0,0,1
8810029496,False,1450,14936,17329,-2393,15181,19054,-3873,6,5,1,0,0,0,0
8810029262,False,2974,15612,16125,-513,16306,16962,-656,6,13,-7,0,0,0,1
8810029159,False,2301,16473,15789,684,17081,17425,-344,12,10,2,0,0,0,1
8810029117,True,2491,12408,14717,-2309,13384,15817,-2433,4,7,-3,0,0,0,1
8810028983,True,2513,14931,12599,2332,16593,13323,3270,10,9,1,0,0,0,1
8810028929,False,2535,16178,14107,2071,17006,14510,2496,10,12,-2,1,0,1,0
8810028767,True,2767,15970,16221,-251,16502,15918,584,9,13,-4,0,1,-1,1
8810028360,True,2178,16026,15563,463,17137,16071,1066,10,11,-1,0,0,0,0
8810028349,True,2939,15058,15794,-736,16954,16109,845,15,14,1,0,1,-1,0
8810028338,True,2513,14783,14512,271,15709,14992,717,14,15,-1,1,0,1,1
8810028234,False,2403,18185,15287,2898,18597,16570,2027,8,11,-3,2,0,2,1
8810028160,False,2128,13196,16612,-3416,14301,16702,-2401,10,8,2,0,0,0,0
8810028101,True,1638,17731,15439,2292,18344,16480,1864,10,13,-3,1,0,1,0
8810028015,False,1447,13110,17988,-4878,13787,19808,-6021,12,13,-1,0,1,-1,0
8810027690,True,2015,16143,16655,-512,17362,17901,-539,10,7,3,1,1,0,1
8810027536,False,2616,19464,13149,6315,18866,13889,4977,15,16,-1,2,0,2,1
8810027460,False,2329,14994,13409,1585,16656,14805,1851,10,9,1,0,0,0,1
8810027317,False,1908,12219,17333,-5114,12508,17805,-5297,9,11,-2,0,2,-2,0
8810027301,False,1828,13943,16506,-2563,14241,18242,-4001,8,10,-2,0,0,0,1
8810027190,False,2461,12260,15953,-3693,13137,17114,-3977,10,12,-2,0,0,0,0
8810027058,False,1771,16769,14790,1979,17130,15638,1492,6,10,-4,1,0,1,1
8810027022,False,2306,14426,14708,-282,15528,17809,-2281,12,13,-1,0,0,0,1
8810026832,False,1843,14030,14990,-960,15822,16087,-265,10,12,-2,0,0,0,0
8810026806,False,997,11103,17460,-6357,12902,17347,-4445,10,13,-3,0,1,-1,0
8810026797,False,1949,13250,15011,-1761,13990,16897,-2907,12,11,1,0,0,0,0
8810026711,False,2005,17291,14143,3148,18880,14793,4087,11,11,0,0,0,0,0
8810026624,True,2190,14402,15473,-1071,14894,16549,-1655,16,14,2,1,0,1,1
8810026493,True,2693,16069,13499,2570,16812,14178,2634,15,13,2,1,1,0,1
8810026283,True,2156,14195,14484,-289,15104,16437,-1333,11,14,-3,0,0,0,0
8810026254,False,2181,13236,13146,90,14591,14587,4,6,8,-2,1,0,1,1
8810026248,False,2674,16641,17261,-620,17638,17039,599,12,10,2,1,0,1,1
8810026208,False,1551,14605,16513,-1908,17625,17289,336,7,11,-4,0,0,0,0
8810026137,False,2208,16345,14160,2185,17231,15114,2117,14,9,5,1,0,1,1
8810025849,True,1903,15145,15965,-820,15985,16137,-152,11,13,-2,0,0,0,0
8810025727,True,2005,17045,12398,4647,16977,14721,2256,11,11,0,1,0,1,1
8810025688,True,2140,18709,13544,5165,19754,16054,3700,12,13,-1,0,0,0,0
8810025471,True,2214,14792,12927,1865,15940,14319,1621,11,11,0,0,0,0,1
8810025414,False,2269,14811,15497,-686,16583,17319,-736,8,12,-4,0,0,0,0
8810025384,True,1899,14253,13484,769,15772,14767,1005,10,9,1,0,0,0,0
8810025322,False,2301,14557,15606,-1049,14271,16391,-2120,11,11,0,0,1,-1,0
8810025191,True,3046,14985,15298,-313,16245,16122,123,11,8,3,0,0,0,1
8810025160,True,3439,14541,16251,-1710,15331,16524,-1193,6,8,-2,0,0,0,0
8810024971,True,2324,16521,15355,1166,17721,16355,1366,13,13,0,1,0,1,0
8810024959,True,1735,15743,14330,1413,17171,15013,2158,15,15,0,0,0,0,1
8810024727,False,2050,14667,15361,-694,15915,15408,507,9,14,-5,0,0,0,0
8810024669,False,2546,17570,13102,4468,17220,15918,1302,10,15,-5,0,0,0,1
8810024565,True,2737,16187,14839,1348,17189,15674,1515,6,7,-1,0,1,-1,0
8810024540,True,2523,14632,15028,-396,15880,17472,-1592,8,8,0,0,0,0,0
8810024474,True,1672,13750,16511,-2761,14800,15549,-749,12,13,-1,0,1,-1,0
8810024323,True,3025,15352,13711,1641,16061,14838,1223,10,11,-1,2,0,2,0
8810024123,True,3224,15213,16724,-1511,14949,17005,-2056,14,10,4,0,0,0,0
8810024122,False,1717,15261,17518,-2257,17686,18434,-748,15,12,3,0,1,-1,0
8810024031,False,2533,14011,15280,-1269,14764,16098,-1334,9,12,-3,0,1,-1,0
8810023972,True,2624,14464,16124,-1660,15367,15803,-436,13,12,1,1,0,1,1
8810023915,False,2108,13999,16423,-2424,14616,17188,-2572,8,9,-1,0,1,-1,0
8810023646,False,2012,13803,17494,-3691,14205,17601,-3396,12,17,-5,0,0,0,0
8810023587,True,2108,14288,15512,-1224,15936,17077,-1141,15,11,4,0,0,0,1
8810023230,False,2832,15229,15806,-577,16418,16237,181,7,8,-1,0,0,0,0
8810023132,True,2531,15100,13006,2094,15727,14747,980,6,9,-3,0,0,0,0
8810023121,False,2101,13941,17014,-3073,13942,17017,-3075,13,10,3,0,2,-2,0
8810023099,False,2583,11856,17170,-5314,13295,18110,-4815,8,7,1,0,1,-1,0
8810023067,True,2220,15031,15740,-709,15876,17049,-1173,13,14,-1,0,0,0,1
8810023011,False,1846,14949,16033,-1084,15864,17047,-1183,14,13,1,0,0,0,1
8810022878,True,1565,18397,16220,2177,19811,15569,4242,8,8,0,0,0,0,0
8810022645,True,3714,15514,15014,500,18153,17118,1035,10,12,-2,0,0,0,0
8810022587,True,2428,14483,14550,-67,15350,16210,-860,10,7,3,0,0,0,0
8810022475,False,3982,14375,13889,486,15713,15470,243,10,6,4,0,0,0,1
8810022328,True,1631,17584,12606,4978,17967,13538,4429,7,8,-1,1,0,1,0
8810022181,False,2555,15380,14345,1035,16735,15478,1257,13,11,2,0,0,0,1
8810022176,True,3164,15869,15045,824,16176,17115,-939,12,7,5,0,0,0,0
8810021990,False,3416,16059,14985,1074,15863,15365,498,13,13,0,0,0,0,0
8810021986,False,2901,15218,13792,1426,16640,14953,1687,14,11,3,1,0,1,1
8810021833,False,2274,16305,16957,-652,16916,17378,-462,14,12,2,0,0,0,1
8810021439,False,2055,14458,15327,-869,15691,15601,90,14,16,-2,0,0,0,1
8810021397,False,1915,15442,12546,2896,17410,14183,3227,9,10,-1,0,0,0,1
8810021169,False,2259,12767,16159,-3392,14063,16078,-2015,7,12,-5,0,1,-1,0
8810021148,False,2148,15618,14943,675,15556,15416,140,12,9,3,2,1,1,1
8810020816,False,2897,14952,14069,883,16651,15401,1250,14,12,2,0,0,0,0
8810020799,False,2596,14415,17518,-3103,14840,17906,-3066,10,14,-4,0,0,0,0
8810020753,True,1463,17489,13435,4054,17414,15546,1868,14,11,3,0,1,-1,1
8810020659,True,3440,16069,13434,2635,17570,14273,3297,13,13,0,0,0,0,0
8810020619,True,2693,14621,15580,-959,15804,17192,-1388,12,15,-3,0,0,0,0
8810020594,False,3297,14800,13815,985,15925,14597,1328,17,11,6,1,0,1,0
8810020520,False,1913,12342,17422,-5080,13908,18938,-5030,9,9,0,0,2,-2,0
8810020487,True,2571,14865,14516,349,15734,15198,536,11,10,1,0,0,0,1
8810020267,True,2576,14598,16943,-2345,16682,17968,-1286,12,13,-1,0,0,0,0
8810020212,False,3018,14125,15851,-1726,14118,16452,-2334,10,9,1,0,0,0,0
8810020005,True,2482,16973,15790,1183,17512,16226,1286,11,9,2,0,0,0,1
8810020000,False,3540,12313,17488,-5175,13555,18453,-4898,15,12,3,0,0,0,0
8810019998,False,2475,14603,15621,-1018,14796,16487,-1691,13,12,1,0,0,0,0
8810019967,True,1591,16409,14477,1932,17144,15839,1305,12,10,2,0,1,-1,1
8810019930,True,1151,19262,12530,6732,18533,13124,5409,13,9,4,2,0,2,1
8810019656,True,2131,18879,12409,6470,18851,13651,5200,11,10,1,0,0,0,1
8810019489,False,2466,11033,14514,-3481,12932,15864,-2932,12,15,-3,0,0,0,0
8810019436,False,1679,12573,16827,-4254,12116,18248,-6132,8,7,1,0,0,0,1
8810019355,True,3039,15750,13785,1965,15767,13749,2018,9,8,1,1,0,1,0
8810019264,False,2069,17113,14629,2484,18522,15020,3502,12,11,1,0,0,0,1
8810019252,True,2538,15855,13855,2000,17161,15868,1293,16,12,4,0,0,0,1
8810019167,True,2344,15350,14253,1097,15661,15242,419,12,8,4,0,0,0,1
8810018968,True,2149,13972,16126,-2154,15164,16082,-918,14,11,3,0,0,0,0
8810018608,False,2155,14209,16079,-1870,15870,16882,-1012,11,11,0,0,0,0,0
8810018570,False,4152,14027,13316,711,15706,15964,-258,12,12,0,0,0,0,0
8810018370,False,2527,15453,17484,-2031,16690,18314,-1624,10,12,-2,0,1,-1,0
8810018365,False,1887,13423,15287,-1864,14077,17075,-2998,15,10,5,0,1,-1,0
8810018317,True,2866,16754,16034,720,17017,17260,-243,10,14,-4,0,0,0,1
8810017999,False,2217,13746,16520,-2774,14176,17689,-3513,11,13,-2,0,1,-1,0
8810017979,False,1456,15918,15515,403,16311,16338,-27,9,11,-2,0,0,0,0
8810017900,False,2342,16487,16219,268,17328,17090,238,10,8,2,1,0,1,0
8810017779,False,2944,16139,14444,1695,16164,15174,990,12,11,1,0,0,0,1
8810017666,True,1753,17799,14389,3410,17880,15582,2298,11,14,-3,2,0,2,1
8810017607,False,2412,14130,16414,-2284,14246,17007,-2761,9,9,0,0,0,0,0
8810017563,True,1538,17755,14324,3431,18002,14685,3317,12,12,0,1,0,1,0
8810017524,True,1357,16169,12964,3205,17321,13171,4150,9,6,3,0,0,0,0
8810017348,False,1504,13226,16707,-3481,12322,17438,-5116,15,15,0,0,0,0,0
8810017195,True,893,18667,10414,8253,17910,10145,7765,9,12,-3,4,0,4,0
8810017172,False,3086,16245,12738,3507,18797,14147,4650,12,11,1,0,0,0,1
8810017051,True,1450,16022,13346,2676,17625,14404,3221,9,7,2,0,0,0,1
8810016970,True,2472,13658,15113,-1455,12323,15568,-3245,12,12,0,0,0,0,0
8810016862,True,2241,17431,14621,2810,17825,14082,3743,12,10,2,0,0,0,1
8810016779,False,2025,16744,15362,1382,15049,15981,-932,6,11,-5,2,1,1,0
8810016560,True,3151,17027,14300,2727,17762,14933,2829,12,13,-1,0,0,0,0
8810016533,False,1622,13455,14955,-1500,15109,15594,-485,10,10,0,0,0,0,0
8810016246,True,3203,13884,14421,-537,14922,15357,-435,15,14,1,0,0,0,0
8810016116,False,2057,16010,15616,394,17246,16976,270,9,13,-4,0,0,0,0
8810016063,True,2036,15356,14184,1172,17726,14871,2855,10,11,-1,0,0,0,1
8810016021,True,3219,15016,16395,-1379,16520,17182,-662,11,9,2,0,1,-1,1
8810015954,True,2393,15213,14365,848,15251,16417,-1166,11,9,2,0,0,0,0
8810015932,True,2715,15163,15095,68,15759,15222,537,14,7,7,0,1,-1,0
8810015921,True,2847,13814,16457,-2643,14093,16662,-2569,15,14,1,0,0,0,1
8810015804,False,2924,16388,15111,1277,16996,15284,1712,11,8,3,1,0,1,1
8810015714,True,1754,14747,13437,1310,16947,15230,1717,11,12,-1,1,0,1,1
8810015589,False,1786,17074,15943,1131,17442,17430,12,7,8,-1,1,0,1,0
8810015488,False,2490,13768,15703,-1935,16110,16920,-810,10,8,2,0,0,0,1
8810014976,True,1903,18192,12881,5311,18982,12780,6202,11,9,2,0,0,0,1
8810014946,True,1396,16962,12786,4176,17262,15680,1582,13,8,5,1,0,1,1
8810014897,True,3923,14887,13460,1427,14987,14888,99,15,14,1,0,0,0,1
8810014833,False,2169,13167,17221,-4054,14309,16254,-1945,9,12,-3,0,1,-1,0
8810014768,False,2026,12633,14142,-1509,14282,15589,-1307,13,12,1,0,0,0,0
8810014677,False,2214,15790,14438,1352,17200,15280,1920,11,12,-1,0,0,0,1
8810014632,True,2729,15175,13907,1268,16698,15703,995,9,11,-2,0,0,0,1
8810014462,True,2316,14894,15772,-878,15246,17106,-1860,13,16,-3,0,0,0,1
8810014402,True,1558,15450,13730,1720,16533,14758,1775,10,10,0,0,0,0,0
8810014365,True,2183,12902,13257,-355,13878,14058,-180,10,10,0,0,0,0,1
8810014321,False,1817,14866,16244,-1378,14921,17661,-2740,14,7,7,0,0,0,0
8810014022,False,1220,13974,17910,-3936,13119,17919,-4800,14,13,1,0,2,-2,0
8810013747,False,2797,13950,13620,330,14922,14477,445,9,10,-1,0,0,0,1
8810013658,True,3035,17352,13665,3687,18418,14487,3931,10,9,1,1,0,1,0
8810013513,True,2465,14328,15275,-947,14622,14971,-349,14,10,4,0,0,0,1
8810012841,True,1589,19072,14040,5032,18789,15333,3456,12,11,1,1,0,1,1
8810012791,False,2182,18095,13551,4544,17919,15239,2680,13,12,1,2,0,2,1
8810012551,True,2657,15671,15684,-13,17306,17232,74,7,9,-2,0,0,0,1
8810012428,False,1946,15346,15050,296,16152,15473,679,11,11,0,0,1,-1,0
8810011948,True,3897,15659,15298,361,17263,15126,2137,5,10,-5,1,0,1,0
8810011794,True,3199,16387,14479,1908,17267,14952,2315,7,11,-4,1,0,1,1
8810010714,False,1042,12924,17731,-4807,13606,17742,-4136,9,7,2,0,2,-2,0
8810010635,False,1904,15538,13852,1686,16641,14527,2114,5,9,-4,0,0,0,1
8810010611,False,2150,13010,17001,-3991,13501,16809,-3308,7,8,-1,0,0,0,0
8810010355,True,2148,15284,19484,-4200,16180,19777,-3597,9,12,-3,0,1,-1,0
8810010347,True,1041,20006,13265,6741,19013,13887,5126,11,6,5,2,0,2,1
8810010263,True,1717,17037,16986,51,16735,16290,445,9,16,-7,0,0,0,1
8810009803,False,2777,14317,14546,-229,15603,14676,927,9,9,0,0,0,0,1
8810009365,True,1473,16217,12869,3348,18210,14830,3380,12,7,5,0,0,0,1
8810009100,True,1254,17290,13167,4123,19015,12708,6307,9,15,-6,0,0,0,0
8810008621,True,1545,15813,13345,2468,17696,14473,3223,12,13,-1,0,0,0,1
8810008218,False,3651,14897,13889,1008,14607,13941,666,12,10,2,0,0,0,0
8810008124,True,1767,15744,14702,1042,16084,13360,2724,14,13,1,1,0,1,1
8810007434,True,2028,15178,14172,1006,16815,15098,1717,11,16,-5,0,1,-1,0
8810007359,False,3431,16003,14671,1332,16842,16054,788,15,12,3,1,0,1,0
8810007222,True,1373,19782,14335,5447,19858,14725,5133,16,10,6,1,0,1,1
8810007014,False,1968,14671,15288,-617,15386,16874,-1488,11,8,3,0,0,0,0
8810006976,False,1219,12859,16901,-4042,14015,17534,-3519,10,12,-2,1,0,1,0
8810006962,True,1758,16232,15250,982,18063,16424,1639,14,15,-1,1,0,1,0
8810006958,False,1885,13831,14302,-471,15235,15200,35,9,13,-4,0,0,0,1
8810006703,False,2926,15867,13773,2094,15770,15404,366,9,11,-2,1,0,1,1
8810006127,True,2939,16758,16731,27,17098,17527,-429,8,13,-5,0,0,0,1
8810006087,False,1830,14946,15228,-282,15741,16900,-1159,11,11,0,0,0,0,1
8810006038,False,2126,18118,14820,3298,19038,14988,4050,9,14,-5,2,0,2,0
8810005497,True,1642,15776,14304,1472,17879,14656,3223,12,7,5,0,0,0,1
8810005401,True,2703,16712,13514,3198,15689,16124,-435,12,9,3,1,0,1,1
8810005078,False,1656,15471,14638,833,17092,16177,915,12,12,0,0,0,0,1
8810004064,False,1756,12422,15962,-3540,13271,17349,-4078,15,9,6,0,0,0,0
8810003636,True,3017,15507,15109,398,17100,15723,1377,11,12,-1,0,0,0,1
8810002698,False,3235,15734,11532,4202,17250,13339,3911,9,10,-1,1,0,1,1
8810002687,True,2222,17079,17058,21,16612,16720,-108,13,10,3,1,0,1,1
8810001971,True,1678,15587,12882,2705,17647,14015,3632,8,7,1,0,0,0,0
8810001333,False,1389,13853,16203,-2350,14765,17355,-2590,5,11,-6,0,0,0,0
8810001301,True,1974,17097,12753,4344,16743,13356,3387,12,8,4,1,0,1,1
8810001146,True,2118,15451,15103,348,15740,15129,611,14,10,4,1,1,0,0
8810000428,False,3563,15107,12546,2561,15570,14636,934,6,7,-1,1,0,1,1
8810000230,False,2751,15122,14241,881,15877,16003,-126,9,7,2,0,0,0,1
8810000076,False,4063,15832,14207,1625,17153,15232,1921,10,12,-2,0,0,0,0
8810000075,False,2987,14349,12797,1552,14828,14187,641,7,8,-1,0,0,0,1
8809999760,False,1976,14428,16270,-1842,15015,17084,-2069,10,10,0,0,0,0,0
8809999123,True,1941,15486,12812,2674,16018,13630,2388,6,10,-4,0,0,0,1
8809998965,True,2471,15471,14397,1074,15749,15667,82,15,14,1,0,0,0,0
8809998848,False,2236,12975,16710,-3735,13533,17012,-3479,12,16,-4,0,1,-1,1
8809998702,True,2252,16750,14538,2212,16463,15854,609,8,13,-5,0,0,0,1
8809998562,True,2279,14874,12744,2130,17161,14810,2351,5,11,-6,0,0,0,0
8809998201,True,2585,15494,14403,1091,17889,16963,926,11,9,2,0,0,0,1
8809998151,False,2757,15852,15861,-9,16114,16923,-809,9,10,-1,0,0,0,0
8809998053,False,2842,14734,17219,-2485,14926,18749,-3823,9,10,-1,1,2,-1,0
8809997937,False,2488,14513,14618,-105,15006,15750,-744,9,9,0,1,0,1,0
8809997875,False,3141,14648,11840,2808,15113,13250,1863,11,10,1,1,0,1,1
8809997874,False,2317,16227,13511,2716,16405,15088,1317,8,9,-1,1,0,1,1
8809997748,True,1830,16347,14703,1644,18031,16011,2020,9,8,1,0,0,0,1
8809997543,True,2502,16012,14400,1612,17522,14451,3071,14,11,3,0,1,-1,1
8809997401,False,2147,16145,13435,2710,16974,13998,2976,12,7,5,0,0,0,1
8809997261,True,1609,19442,13111,6331,21198,12625,8573,9,9,0,2,0,2,1
8809997190,True,2550,16899,13138,3761,18449,13334,5115,9,9,0,0,0,0,1
8809997047,False,2440,13649,15485,-1836,15732,15805,-73,10,12,-2,0,0,0,1
8809997023,False,2598,13808,16867,-3059,15154,17803,-2649,13,8,5,0,1,-1,1
8809996771,True,2667,15306,13420,1886,16008,14606,1402,9,11,-2,0,0,0,1
8809996525,True,1641,14882,14809,73,15962,16378,-416,10,9,1,1,0,1,1
8809996479,False,1241,12510,17241,-4731,11884,17981,-6097,11,10,1,0,1,-1,0
8809996440,False,2206,13721,15777,-2056,14496,16919,-2423,8,7,1,1,1,0,1
8809996391,True,2174,15727,13796,1931,15947,16023,-76,13,12,1,0,0,0,1
8809996348,False,2088,14742,13937,805,16525,14921,1604,13,6,7,0,0,0,1
8809996227,False,1827,12751,16072,-3321,13165,16160,-2995,13,13,0,0,1,-1,1
8809996191,True,1900,15595,12653,2942,15791,14638,1153,11,9,2,1,0,1,1
8809996148,False,2816,17071,14891,2180,19349,15867,3482,14,10,4,0,0,0,0
8809996058,True,2307,17825,13793,4032,18846,15159,3687,12,7,5,2,0,2,0
8809996004,True,2158,15976,13975,2001,15950,15580,370,11,12,-1,0,0,0,0
8809995768,False,1999,16153,14439,1714,18030,15505,2525,12,12,0,0,0,0,0
8809995743,True,3098,15016,15422,-406,16662,17337,-675,10,11,-1,0,0,0,0
8809995656,False,1812,13160,15600,-2440,13472,16187,-2715,8,8,0,0,0,0,0
8809995598,True,2430,17227,15814,1413,17472,14926,2546,14,15,-1,1,0,1,0
8809995378,False,2011,13083,14879,-1796,13638,15998,-2360,9,8,1,0,0,0,0
8809995360,False,2659,16199,13515,2684,17370,14727,2643,16,12,4,0,0,0,1
8809995131,True,1716,17492,13890,3602,15602,14772,830,6,5,1,2,0,2,1
8809994918,True,2622,17861,15662,2199,18525,15934,2591,13,11,2,0,0,0,1
8809994876,True,1795,14633,14689,-56,16148,15030,1118,10,9,1,0,0,0,1
8809994846,False,1681,13724,16811,-3087,14526,16173,-1647,8,9,-1,0,1,-1,1
8809994690,False,1473,13540,16312,-2772,13801,16128,-2327,7,12,-5,0,1,-1,0
8809994553,True,1663,18343,12324,6019,20054,15067,4987,7,17,-10,1,0,1,1
8809994544,False,2191,14526,13894,632,15059,14282,777,8,11,-3,0,0,0,0
8809994531,True,2734,15763,14869,894,16550,15571,979,11,13,-2,0,0,0,1
8809994481,False,2167,13374,16957,-3583,14458,17867,-3409,14,11,3,0,1,-1,0
8809994217,True,1978,14315,14182,133,15613,15733,-120,6,7,-1,0,0,0,1
8809994209,False,1843,13720,16181,-2461,14094,18060,-3966,13,8,5,0,0,0,1
8809994191,False,1790,15180,15321,-141,17139,16515,624,10,8,2,0,0,0,1
8809994144,False,1774,13487,17866,-4379,14164,18120,-3956,7,11,-4,0,1,-1,0
8809994134,False,1500,15044,15457,-413,16528,15865,663,8,14,-6,0,0,0,0
8809994040,False,2784,12969,16716,-3747,15008,17512,-2504,13,9,4,0,0,0,1
8809993963,False,2180,14008,14423,-415,15006,15816,-810,12,13,-1,0,0,0,0
8809993848,True,1968,17743,12085,5658,19297,14807,4490,12,8,4,0,0,0,1
8809993782,False,2253,13538,14367,-829,15307,14343,964,9,15,-6,0,0,0,0
8809993700,False,2601,15510,13991,1519,15465,13284,2181,10,14,-4,1,0,1,0
8809993506,False,1761,14246,17862,-3616,15274,19468,-4194,10,11,-1,0,1,-1,0
8809993423,True,2935,15249,16623,-1374,17518,17289,229,16,14,2,0,0,0,0
8809993301,False,2941,17147,15976,1171,17309,16982,327,11,10,1,1,0,1,1
8809993215,True,2692,13731,14812,-1081,13703,16679,-2976,15,14,1,0,0,0,0
8809993157,True,1846,19125,14307,4818,19582,15959,3623,11,9,2,1,0,1,1
8809993036,False,2362,15320,14886,434,16012,15242,770,7,11,-4,0,1,-1,1
8809992922,True,3264,14958,18379,-3421,15577,18646,-3069,10,7,3,1,0,1,0
8809992794,False,1767,15764,17365,-1601,13813,18817,-5004,10,9,1,1,0,1,0
8809992772,True,2544,16583,14546,2037,17988,17247,741,8,11,-3,0,0,0,1
8809992668,False,2315,17055,16429,626,18540,17699,841,10,7,3,0,0,0,0
8809992643,True,1651,14875,15595,-720,15730,16043,-313,13,14,-1,0,1,-1,1
8809992581,True,2088,17549,13136,4413,17127,14778,2349,13,10,3,0,0,0,1
8809992555,False,3467,12039,14707,-2668,13816,16245,-2429,8,10,-2,0,0,0,1
8809992535,False,3855,14175,14007,168,14844,14613,231,12,7,5,1,0,1,1
8809992527,True,1944,15611,15629,-18,16472,15943,529,14,15,-1,0,0,0,1
8809992507,True,2074,13821,16680,-2859,14877,16895,-2018,10,7,3,0,1,-1,0
8809992303,True,2315,15619,14356,1263,16267,16042,225,11,9,2,1,0,1,0
8809992258,True,1786,17645,15765,1880,19249,17023,2226,13,12,1,0,0,0,0
8809992171,True,1896,18927,16252,2675,19325,16901,2424,10,8,2,1,0,1,0
8809992091,True,1744,13934,13960,-26,15201,15337,-136,16,15,1,0,0,0,1
8809991868,False,2378,14511,12850,1661,16359,15097,1262,8,9,-1,1,0,1,1
8809991857,True,2689,14508,15383,-875,15393,16205,-812,11,11,0,0,0,0,0
8809991743,True,3208,18065,13143,4922,19785,13615,6170,13,12,1,1,0,1,1
8809991698,True,2095,18386,13635,4751,19470,13227,6243,10,7,3,2,0,2,1
8809991632,False,1408,12666,17696,-5030,15630,18480,-2850,13,15,-2,0,1,-1,0
8809991582,False,2546,12891,14940,-2049,14905,15641,-736,10,9,1,0,0,0,0
8809991472,False,3015,13715,15392,-1677,15614,15764,-150,11,12,-1,0,0,0,0
8809991116,True,1632,17811,12221,5590,18451,12298,6153,11,8,3,0,0,0,1
8809990996,False,1799,16953,14123,2830,16092,15111,981,7,5,2,2,0,2,1
8809990984,True,1960,16462,14782,1680,17310,15492,1818,9,10,-1,0,0,0,1
8809990872,False,1908,15876,13889,1987,15939,16064,-125,8,10,-2,1,0,1,1
8809990825,False,2713,14338,14317,21,17113,17136,-23,11,10,1,0,0,0,1
8809990807,True,2354,15581,15422,159,17369,16014,1355,7,10,-3,0,0,0,1
8809990699,True,1777,15289,15104,185,16225,17151,-926,14,12,2,0,0,0,1
8809990687,True,3171,16532,14396,2136,17058,16934,124,16,14,2,0,0,0,1
8809990651,True,1641,15435,14010,1425,15320,16947,-1627,12,9,3,1,0,1,0
8809990623,False,2059,15545,16989,-1444,16369,17725,-1356,6,9,-3,0,1,-1,1
8809990536,True,1970,11522,16485,-4963,12974,16959,-3985,15,9,6,0,1,-1,0
8809990517,False,2224,14598,13497,1101,15773,15611,162,13,10,3,0,0,0,0
8809990129,True,3000,15745,13183,2562,16134,15503,631,10,6,4,0,0,0,1
8809990103,False,1830,15079,13047,2032,16722,15065,1657,14,13,1,0,0,0,0
8809989956,False,2391,15991,16599,-608,17246,17746,-500,14,10,4,0,0,0,1
8809989924,False,3115,16177,13957,2220,17557,14242,3315,8,10,-2,1,0,1,0
8809989357,True,2346,14234,15071,-837,17012,16353,659,7,13,-6,0,0,0,1
8809989310,True,2972,17638,12111,5527,18726,13459,5267,8,7,1,2,0,2,1
8809989256,False,1640,14047,14873,-826,14556,16750,-2194,11,8,3,1,0,1,1
8809989101,False,1647,11231,20463,-9232,11630,21185,-9555,13,10,3,0,2,-2,0
8809989024,False,1963,12872,16816,-3944,13447,16109,-2662,10,14,-4,0,1,-1,0
8809988872,True,1787,16988,13907,3081,18142,16216,1926,10,7,3,1,0,1,1
8809988800,False,1844,11996,16961,-4965,13500,18025,-4525,14,14,0,0,1,-1,0
8809988777,True,3068,14117,13390,727,14451,15071,-620,15,13,2,0,0,0,1
8809988632,False,4034,15769,16403,-634,16633,16936,-303,12,14,-2,0,0,0,0
8809988454,False,1978,15146,15906,-760,17553,18269,-716,10,11,-1,0,0,0,0
8809988258,False,2328,13568,16441,-2873,14671,19119,-4448,10,10,0,0,0,0,1
8809988237,False,3224,16468,15015,1453,16910,16277,633,9,14,-5,0,0,0,1
8809988235,False,1746,14170,17017,-2847,13338,17540,-4202,8,8,0,0,1,-1,0
8809988209,True,1723,14740,16480,-1740,16403,17446,-1043,11,15,-4,0,1,-1,0
8809988198,True,1818,17376,12704,4672,19114,13906,5208,7,9,-2,1,0,1,1
8809988043,False,2062,14805,15917,-1112,16398,17249,-851,16,14,2,0,0,0,1
8809987883,False,2148,14202,18800,-4598,15160,19373,-4213,11,10,1,0,0,0,1
8809987829,False,2370,13302,16957,-3655,15266,18279,-3013,12,11,1,0,1,-1,0
8809987807,True,2848,13808,15222,-1414,14510,16358,-1848,11,11,0,0,0,0,0
8809987801,False,1919,13235,16182,-2947,13975,17617,-3642,6,10,-4,0,0,0,0
8809987548,True,2797,16870,15383,1487,17133,16520,613,12,13,-1,1,0,1,0
8809987482,True,1832,17516,16571,945,17740,15831,1909,13,12,1,2,1,1,0
8809987476,False,2305,12750,14205,-1455,14578,15829,-1251,9,9,0,0,0,0,0
8809987451,False,2467,15702,13964,1738,17002,15177,1825,10,9,1,0,0,0,0
8809987390,False,4143,15542,16215,-673,16103,16122,-19,13,17,-4,0,1,-1,1
8809987318,False,2451,15093,16264,-1171,15699,16158,-459,12,13,-1,1,1,0,1
8809987187,True,2154,15846,10908,4938,15914,12451,3463,8,10,-2,0,0,0,1
8809987116,True,3980,14209,11921,2288,14876,13585,1291,14,13,1,0,0,0,0
8809986870,False,1984,13920,16908,-2988,15153,17494,-2341,6,14,-8,0,0,0,0
8809986794,False,2899,14657,15832,-1175,15865,19253,-3388,10,10,0,0,0,0,0
8809986659,False,2604,13961,17324,-3363,14415,18403,-3988,9,13,-4,0,1,-1,0
8809986393,False,4039,16365,14236,2129,17933,16401,1532,6,7,-1,0,0,0,1
8809986252,True,2243,15579,15071,508,16908,16321,587,12,16,-4,0,0,0,0
8809986198,False,2510,15826,13566,2260,17312,14968,2344,9,12,-3,0,0,0,0
8809986193,True,3089,15600,15299,301,16534,15285,1249,17,16,1,0,1,-1,1
8809986146,True,1275,17128,13294,3834,19026,14598,4428,10,11,-1,0,0,0,1
8809986119,True,2347,17345,17232,113,17920,17919,1,12,13,-1,2,1,1,0
8809986030,False,1780,14441,17825,-3384,15119,18529,-3410,10,11,-1,0,0,0,0
8809985909,False,1919,14500,15010,-510,16896,16968,-72,12,9,3,0,0,0,1
8809985826,False,2476,14137,16930,-2793,13566,17091,-3525,8,10,-2,0,1,-1,0
8809985721,True,2653,14127,14598,-471,14040,16125,-2085,8,14,-6,0,0,0,1
8809985690,True,2582,14107,14092,15,15909,16538,-629,9,9,0,0,0,0,1
8809985676,True,991,21033,12142,8891,20419,13133,7286,11,16,-5,3,0,3,1
8809985640,False,2430,14381,15718,-1337,16567,16360,207,14,9,5,0,0,0,0
8809985541,True,2343,16621,17407,-786,19813,16748,3065,13,10,3,0,0,0,0
8809985422,True,2172,16442,13057,3385,16670,14099,2571,12,13,-1,1,0,1,1
8809985353,False,1910,12822,15313,-2491,13661,16878,-3217,10,15,-5,0,0,0,0
8809985250,False,1963,13873,14967,-1094,15790,15540,250,14,15,-1,0,0,0,0
8809985062,False,2428,16073,14138,1935,16781,15781,1000,16,10,6,0,0,0,0
8809984984,False,2236,17066,14216,2850,18360,15127,3233,11,5,6,1,0,1,0
8809984922,False,4005,17681,14354,3327,18038,16784,1254,11,14,-3,2,0,2,1
8809984717,True,2141,14955,14360,595,16918,16189,729,10,14,-4,0,0,0,0
8809984511,True,3410,17119,16843,276,17351,18531,-1180,11,9,2,0,0,0,1
8809984509,False,2226,17007,15119,1888,17698,16418,1280,14,9,5,1,0,1,1
8809984413,True,2732,14941,15220,-279,16573,17096,-523,12,10,2,0,0,0,1
8809984378,False,2675,18138,16442,1696,18029,16071,1958,9,9,0,0,1,-1,0
8809984320,True,2411,14941,13620,1321,15892,15739,153,12,14,-2,1,0,1,1
8809984301,True,2495,16942,13360,3582,16945,14217,2728,13,9,4,0,0,0,1
8809984148,False,2299,14356,16438,-2082,14862,16660,-1798,10,10,0,1,1,0,0
8809984110,True,3702,16475,13797,2678,18667,14150,4517,11,11,0,0,0,0,0
8809983965,True,2559,14617,16253,-1636,14701,17177,-2476,15,12,3,0,0,0,0
8809983910,False,2884,15251,14068,1183,14707,16152,-1445,11,10,1,0,0,0,1
8809983868,True,1499,15462,15786,-324,16863,16199,664,10,12,-2,0,0,0,0
8809983811,True,1858,16047,13164,2883,17644,14537,3107,9,12,-3,0,0,0,1
8809983758,False,2085,14636,16062,-1426,15467,17079,-1612,9,12,-3,0,0,0,0
8809983696,True,1453,16857,14858,1999,16148,14112,2036,17,12,5,0,1,-1,0
8809983566,False,2917,13990,16853,-2863,14318,16718,-2400,11,14,-3,0,0,0,1
8809983380,True,2997,14239,14469,-230,13460,15855,-2395,11,12,-1,0,0,0,1
8809983269,True,3578,17006,17206,-200,18144,17824,320,11,10,1,0,1,-1,1
8809983215,True,3972,14153,17895,-3742,15668,18327,-2659,8,14,-6,0,1,-1,1
8809983214,False,2357,14470,14540,-70,14918,15679,-761,13,9,4,0,0,0,1
8809982960,False,2788,14714,13910,804,15285,16089,-804,7,11,-4,0,0,0,1
8809982904,True,3237,14255,16098,-1843,15291,17193,-1902,12,12,0,0,0,0,0
8809982866,False,1656,13461,16450,-2989,13538,17117,-3579,15,13,2,0,0,0,1
8809982782,False,1645,15677,15390,287,16571,16071,500,12,13,-1,0,0,0,0
8809982555,False,2035,14166,15785,-1619,13784,17681,-3897,12,12,0,0,0,0,1
8809982501,False,2451,16006,17059,-1053,16852,17645,-793,16,14,2,0,0,0,0
8809982296,False,4305,15711,14457,1254,17396,15854,1542,13,10,3,0,0,0,0
8809982274,False,2232,16372,16658,-286,16658,17449,-791,10,8,2,0,0,0,1
8809982261,False,2203,15152,14259,893,15668,15488,180,10,13,-3,0,0,0,1
